Slot,Group,Attribute,,Max,Prototype Max,,Status Immunities,% Required to be immune*
Weapon,"Core
Attribute","All weapons:
Weapon damage",,15%,22.5%,,Bleed,93.8
,"Fixed
Secondary
Core
Attributes","Assault Rifle:
Health Damage",,21%,31.5%,,Blind/Deaf,91
,,"LMG:
DMG to target out of cover",,12%,17.0%,,Burn,91.4
,,"SMG:
Critical Hit Chance",,21%,31.5%,,Disorient,93.8
,,"Shotgun:
Damage to Armor",,12%,17.0%,,Disrupt,95.8
,,"Rifle:
Critical Hit Damage",,17%,,,Ensnare,93.8
,,"MMR:
Headshot Damage",,111%,,,Poison,89.2
,,"Pistol:
NA",,N/A,N/A,,Shock,86
,"Minor
Attributes",Damage to Armor,,6%,9.0%,,Pulse,100
,,Critical Hit Chance,,9.5%,14.5%,,,
,,Health Damage,,9.5%,,(actually 10% in calc),Napalm (cleaners),88.9
,,DMG to target out of cover,,10%,15.0%,,,
,,Headshot Damage,,10%,15.0%,,,
,,Critical Hit Damage,,10%,,,*This is against most enemies. Some enemies deal statuses with higher durations than usual and will require more resistance to nullify,
,,Reload Speed,,12%,,,,
,,Stability,,12%,,,,
,,Accuracy,,12%,,,,
,,Optimal Range,,24%,,,,
,,Magazine Size,,12.5%,,,,
,,Rate of Fire,,5%,,,,
,,Swap Speed,,15%,,,,
Gear,"Core
Attributes",Armor,,"170,000","255,001",,,
,,Weapon Damage,,15%,22.5%,,,
,,Skill Tier,,1,1.5,,,
,"Offensive
Minor
Attributes",Weapon Handling,,8%,,,,
,,Critical Hit Chance,,6%,9.0%,,,
,,Critical Hit Damage,,12%,,,,
,,Headshot Damage,,10%,15.0%,,,
,"Defensive
Minor
Attributes",Armor Regeneration,,4925/s,,,,
,,Hazard Protection,,10%,15.0%,,,
,,Health,,"18,935",,,,
,,Explosive Resistance,,10%,15.0%,,,
,"Skill
Minor
Attributes",Skill Haste,,12%,,,,
,,Skill Damage,,10%,15.0%,,,
,,Repair Skills,,20%,30.0%,,,
,,Status Effects,,10%,,,,
"Gear
Mods",Offensive,Critlcal Hit Chance,,6%,,,,
,,Critical Hit Damage,,12%,,,,
,,Headshot Damage,,10%,,,,
,Defensive,Protection from Elites,,13%,,,,
,,Armour on Kill,,"18,935",,,,
,,Status Effect Resistance,,10%,,"Types: Fire, Bleed, Shock & Disrupt, Blind & Deaf, Disorient & Ensare",,
,,Pulse Resistance,,10%,,,,
,,Incoming Repairs,,20%,,,,
,Skill,Skill Haste,,12%,,,,
,,Skill Duration,,10%,,,,
,,Repair Skiills,,20%,,,,
Special,Skill Efficiency,Skill Efficiency,," +1% Skill Damage
 +1% Skill Haste
 +1% Skill Duration
 +1% Skill Health
 +1% Repair Skills
 +1% Status Effects",," note: skill haste from skill efficiency will wrongly show a 2x value on stat sheet. 
values for skills, tested to be 1x in actual cooldowns",,
"Keener's
WATCH","Offensive
Attributes",Weapon damage,10%,,,,,
,,Headshot damage,20%,,,,,
,,Critlcal Hit Chance,10%,,,,,
,,Critical Hit Damage,20%,,,,,
,"Defensive
Attributes",Armor,10%,,,,,
,,Health,10%,,,,,
,,Hazard Protection,10%,,,,,
,,Explosive Resistance,10%,,,,,
,"Skill
Attributes",Skill damage,10%,,,,,
,,Skill Repair,10%,,,,,
,,Skill Haste,10%,,,,,
,,Skill Duration,20%,,,,,
,"Utility
Attributes",Reload speed,10%,,,,,
,,Accuracy,10%,,,,,
,,Ammo,20%,,,,,
,,Stability,10%,,,,,
"Note: All masks, backpack and chests have mod slots. No other gear pieces have 
mod slots, unless they are Improvised. If a gear piece is improvised, it has a mod slot.",,,,,,,,
,,,,,,,,
,,,,,,,,
EXPERTISE,Weapons,Additive with Normal weapon damage,,,,,,
,Skills,Additive with Normal Skill damage for most skills (Achilles pulse is the biggest exception; Achilles grade act as an amplifier),,,,,,
,Armor,Additive with BASE armor,,,,,,