,Brand,,Core Attribute,1pc,2pc,3pc,Released,,PvP,1pc,2pc,3pc
Armor,,5.11 Tactical,Armor,12% Protection from Elites,100% Increased Threat,30% Hazard Protection,Release,,,10% Protection from Elites,100% Increased Threat,30% Hazard Protection
,,Badger Tuff,Armor,12% Shotgun Damage,10% Armor on Kill,15% Total Armor,Release,,,12% Shotgun Damage,12% Armor on Kill,12% Total Armor
,,Belstone Armory,Armor,1% Armor Regen,100% Increased Threat,36% Protection from Elites,TU 11,,,1% Armor Regen,100% Increased Threat,20% Protection from Elites
,,Brazos de Arcabuz ,Armor,10% Skill Haste,1 Skill Tier,50% Magazine Size ,TU 16,,,10% Skill Haste,1 Skill Tier,50% Magazine Size 
,,Gila Guard,Armor,5% Total Armor,20% Hazard Protection,2% Armor Regen,Release,,,5% Total Armor,15% Hazard Protection,2% Armor Regen
,,Golan Gear Ltd,Armor,20% Explosive Resistance,1.5% Armor Regen,150% Increased Threat,TU 8,,,20% Explosive Resistance,1.5% Armor Regen,150% Increased Threat
,,Habsburg Guard,Armor,13% Headshot Damage,24% Marksman Rifle Damage ,25% Status Effects,TU 17,,,13% Headshot Damage,24% Marksman Rifle Damage ,25% Status Effects
,,Lengmo ,Armor,15% Reload Speed,24% LMG Damage,30% Weapon Handling,TU 19,,,15% Reload Speed,12% LMG Damage,30% Weapon Handling
,,Palisade Steelworks,Armor,10% Armor on Kill,24% Protection from Elites,1+ Skill Tier,TU 20,,,10% Armor on Kill,12% Protection from Elites,1+ Skill Tier
,,Uzina Getica,Armor,5% Total Armor,10% Armor on Kill,30% Hazard Protection,TU 15,,,5% Total Armor,10% Armor on Kill,30% Hazard Protection
,,Yaahl Gear,Armor,10% Hazard Protection,10% Weapon Damage,40% Pulse Resistance,Release,,,10% Hazard Protection,10% Weapon Damage,40% Pulse Resistance
Skill,,Alps Summit Armaments,Skill Tier,18% Repair Skills,30% Skill Duration,30% Skill Haste,Release,,,18% Repair Skills,30% Skill Duration,30% Skill Haste
,,China Light Industries,Skill Tier,15% Explosive Damage,20% Status Effects,30% Skill Haste,Release,,,15% Explosive Damage,8% Status Effects,20% Skill Haste
,,Electrique ,Skill Tier,10% Status Effect,20% Hazard Protection,8% Skill Efficiency,TU 18,,,10% Status effect,20% Electricity Protection,6% Skill Efficiency
,,Empress International,Skill Tier,10% Skill Health,13% Skill Damage,8% Skill Efficiency,TU 12,,,10% Skill Health,13% Skill Damage,8% Skill Efficiency
,,Hana-U Corporation,Skill Tier,10% Skill Haste,13% Skill Damage,18% Weapon Damage,TU 8,,,10% Skill Haste,13% Skill Damage,18% Weapon Damage
,,Murakami Industries,Skill Tier,15% Skill Duration,35% Repair Skills,18% Skill Damage,Release,,,15% Skill Duration,35% Repair Skills,18% Skill Damage
,,Richter & Kaiser GmbH,Skill Tier,10% Skill Haste,40% Explosive Resistance,52% Repair Skills,Release,,,10% Skill Haste,40% Explosive Resistance,52% Repair Skills
,,Shiny Monkey,Skill Tier,15% Skill Duration,5% Skill Efficiency,52% Repair Skills,TU 23,,,15% Skill Duration,5% Skill Efficiency,52% Repair Skills
,,Edelweiss GPz,Skill Tier,18% Repair Skills,20% Skill Haste,8% Skill Efficiency,TU 28,,,18% Repair Skills,20% Skill Haste,8% Skill Efficiency
,,Wyvern Wear,Skill Tier,8% Skill Damage,20% Status Effects,45% Skill Duration,Release,,,8% Skill Damage,20% Status Effects,45% Skill Duration
Weapon Damage ,,Airaldi Holdings,Weapon Damage,12% Marksman Rifle Damage,26% Headshot Damage,5% Damage to Armor,Release,,,12% Marksman Rifle Damage,26% Headshot Damage,5% Damage to Armor
,,Unit Alloys,Weapon Damage,5% Rate of Fire,24% Assault Rifle Damage,50% Magazine Size,TU 26,,,5% Rate of Fire,24% Assault Rifle Damage,50% Magazine Size
,,Česká Výroba s.r.o.,Weapon Damage,8% Critical Hit Chance,24% Shotgun Damage,30% Hazard Protection,TU 8,,,8% Critical Hit Chance,12% Shotgun Damage,30% Hazard Protection
,,Douglas & Harding,Weapon Damage,24% Pistol Damage,20% Skill Health,50% Accuracy,Release,,,24% Pistol Damage,20% Skill Health,50% Accuracy
,,Fenris Group AB,Weapon Damage,12% Assault Rifle Damage,32% Magazine Size,50% Stability,Release,,,12% Assault Rifle Damage,20% Magazine Size,50% Stability
,,Grupo Sombra S.A.,Weapon Damage,13% Critical Hit Damage,20% Explosive Damage,39% Headshot Damage,TU 8,,,13% Critical Hit Damage,20% Explosive Damage,39% Headshot Damage
,,Imminence Armaments,Weapon Damage,6% Weapon Damage,48% Pistol Damage,30% Skill Health,TU 24,,,6% Weapon Damage,22% Pistol Damage,30% Skill Health
,,Legatus S.p.A,Weapon Damage,15% Magazine size,24% SMG Damage,105% Optimal Range,TU 22,,,10% Magazine size,12% SMG Damage,75% Optimal Range
,,Overlord Armaments,Weapon Damage,12% Rifle Damage,30% Accuracy,30% Weapon Handling,Release,,,12% Rifle Damage,30% Accuracy,30% Weapon Handling
,,Petrov Defense Group,Weapon Damage,12% LMG Damage,15% Weapon Handling,50% Ammo Capacity,Release,,,12% LMG Damage,15% Weapon Handling,50% Ammo Capacity
,,Providence Defense,Weapon Damage,13% Headshot Damage,8% Critical Hit Chance,13% Critical Hit Damage,Release,,,13% Headshot Damage,8% Critical Hit Chance,13% Critical Hit Damage
,,Royal Works,Weapon Damage,5% Weapon Handling,24% LMG damage ,50% Accuracy,TU 27,,,5% Weapon Handling,12% LMG damage ,40% Accuracy
,,Sokolov Concern,Weapon Damage,12% SMG Damage,13% Critical Hit Damage,8% Critical Hit Chance,Release,,,12% SMG Damage,13% Critical Hit Damage,8% Critical Hit Chance
,,Urban Lookout,Weapon Damage,5% weapon handling ,24% Marksman Rifle Damage,45% Skill Duration,TU 25,,,10% weapon handling ,12% Marksman Rifle Damage,30% Skill Duration
,,"Walker, Harris & Co.",Weapon Damage,6% Weapon Damage,5% Damage to Armor,10% Damage to Health,TU 10,,,6% Weapon Damage,5% Damage to Armor,10% Damage to Health
,,Zwiadowka Sp. z o.o.,Weapon Damage,15% Magazine size,24% Rifle Damage,30% Weapon Handling,TU 21,,,15% Magazine size,24% Rifle Damage,30% Weapon Handling