,Category,,Talent,Perfect Talent,Description,Multiplier Group,PvP Modifier,,Notes:,DZ/PvP
Chest   Talents  -,Skill DPS,,Explosive Delivery,Perfectly Explosive Delivery,"Whenever you throw a skill, 1.5 seconds after landing, it creates an explosion damaging enemies within 5m. 
Afterwards explosions will occur evey 5s.

Damage scales with skill tier dealing 25-100% damage of a concussion grenade. 

Occurs once per skill. 

Applies to Remote Pulse, All Turrets, All Hives, Explosive Seeker, Cluster Seeker, Mender Seeker, Decoy, All Traps.",Explosive Damage,,,"Multipliers are additive with their group like normal, except Amps are never additive","Whenever you throw a skill, 🟡2.5 seconds after landing, it creates an explosion damaging enemies within 3m. 
Afterwards explosions will occur evey 🔴8s.

Damage scales with skill tier dealing 🔴20-80% damage of a concussion grenade. 

Occurs once per skill. 

Applies to Remote Pulse, All Turrets, All Hives, Explosive Seeker, Cluster Seeker, Mender Seeker, Decoy, All Traps."
,Skill DPS/ Sustain,,Kinetic Momentum,Perfect Kinetic Momentum,"When in combat, each skill generates stacks while active or not on cooldown

Each stack increases your total skill damage by 1.5% and total skill repair by 2%. 
Up to 15 (18) stacks per skill.
Stacks are lost when skills go on cooldown.",Total: Skill Damage / Repair,,,,"When in combat, ea skill generates stacks while active or not on CD
Each stack increases your total skill damage by 🔴0.8% and total skill repair by 🟢2.5%. 
Up to 🔴15 🔴(18) stacks per skill.
Stacks are lost when skills go on cooldown."
,Weapon DPS,,Gunslinger,Perfect Gunslinger,"Weapon swapping increases total weapon damage by 23% (30%) for 5s. 
This buff is lost for 5s if you weapon swap while it is active.",Total Weapon Damage,,,,"Weapon swapping increases TWD by 🔴15%🔴 (20%) for 🔴4s. 
This buff is lost for 4s if you weapon swap while it is active."
,,,Focus,Perfect Focus,"Increases total weapon damage by 5% (6%) every second you are aiming while scoped 8x or higher, up to 50% (60%).",Total Weapon Damage,,,,"Increases TWD by 🟢7% 🟢(10%) every second you are aiming while scoped 8x or higher, up to 50% (60%)."
,,,Spark,Perfect Spark,Damaging an enemy with a skill increases total weapon damage by 15% (18%) for 15s (20s).,Total Weapon Damage,,,,Damaging an enemy with a skill increases total weapon damage by 🔴14% (18%) for 🔴8s 🔴(12s).
,,,Obliterate,Perfect Obliterate,Critical hits increase total weapon damage by 1% for 10s. Stacks up to 20 (24) times.,Total Weapon Damage,,,,Critical hits increase total weapon damage by 1% for 10s. Stacks up to 🔴16 🔴(20) times.
,,,Intimidate,Perfect Intimidate,"While you have bonus armour, gain 3 stacks each second up to a max of 9 (10). Each stack increases total weapon damage by 4% to enemies within 10m.

All stacks are lost when you have no bonus armour.","Amplifier, not Total Weapon Damage, stacks exponentially
(1.04^9 ~= 1.42, 1.04^10 ~= 1.48)",,,,"While you have bonus armour, gain 3 stacks each second up to a max of 🔴9 🟢(12). Each stack increases total weapon damage by 🔴2% to enemies within 10m.

All stacks are lost when you have no bonus armour."
,,,Headhunter,Perfect Headhunter,"After killing an enemy with a headshot, your next weapon hit within 30s deals 125% (150%) of that killing blow’s damage in addition to it.
Damage is capped to 800% of your weapon damage. This is raised to 1250% if your headshot damage is greater than 150%.","Read guides (1, 2) for deeper analysis",,,,"After killing an enemy with a HS, your next weapon hit within 🔴8s deals 🔴30% (🔴50%) of that killing blow’s damage in addition to it.
Damage is capped to 🔴300% of your WD. This is raised to 🔴450% if your HSD is greater than 150%."
,Weapon/ Skill DPS,,Empathic Resolve,Perfect Empathic Resolve,"Repairing an ally, increases their total weapon and skill damage by 3-15% (3%-20%) for 20s.
1-7% (1%-15%) if self.

Effectiveness increased by your skill tier.",Total: Weapon Damage / Skill Damage,,,,"Repairing an ally, increases their total weapon and skill damage by 3-🔴12% (3%-🔴15%) for 7s.
1-7% (1%-🔴10%) if self.

Effectiveness increased by your skill tier."
,,,Overwatch,Perfect Overwatch,"After staying in cover for 10s (8s), increase your and all allies’ total weapon and skill damage by 12% (14%) as long as you remain in cover or in a cover-to-cover move.",Total Weapon Damage,,,,"After staying in cover for 🟢8s 🟢(6s), increase your and all allies’ TWD and skill damage by 🔴14% (18%) as long as you remain in cover or in a cover-to-cover move."
,,,Glass Cannon,Perfect Glass Cannon,"All damage you deal is amplified by 25% (30%). 
All damage you take is amplified by 50% (60%).",Amplifier,,,,"All damage you deal is amplified by 🔴20% 🟢(25%). 
All damage you take is amplified by 🔴40% 🟢(50%)."
,,,Spotter,Perfect Spotter,Amplifies total weapon and skill damage by 15% (20%) to pulsed enemies.,Amplifier,,,,Amplifies total weapon and skill damage by 🔴10% 🔴(15%) to pulsed enemies.
,Sustain,,Unbreakable,Perfect Unbreakable,"When your armor is depleted, repair 95% (100%) of your armor. 60s (55s) cool down.",Utility,"50% Armor repaired; 60s cooldown; Perfect: 55% armor, 55s cooldown.",,,"When your armor is depleted, repair 🔴30% 🔴(50%) of your armor. 🟢50s cool down."
,,,Vanguard,Perfect Vanguard,"Deploying a shield makes it invulnerable for 5s and grants 45% (50%) of your armor as bonus armor to all other allies for 20s. 

Cooldown: 25s",Utility,20% armor; Perfect: 25% armor,,,"Deploying a shield makes it invulnerable for 🔴3s and grants 🔴30% 🔴(40%) of your armor as bonus armor to all other allies for 🔴5s. 
Cooldown: 🔴30s"
,,,Protected Reload,Perfect Protected Reload,"Grants +20% (40%) bonus armor while reloading. 
Grants 0%-18% (0-30%) of your armor as bonus armor to all other allies when they are reloading

Each blue core attribute adds 3% to the bonus armour Maximum is 18%",Utility,15% bonus armor; 0-12% ally bonus armor,,,"Grants +20% (40%) bonus armor while reloading. 
Grants 0%-18% (0-30%) of your armor as bonus armor to all other allies when they are reloading
Each blue core attribute adds 3% to the bonus armour Maximum is 18%"
,,,Entrench,Perfect Entrench,"If you are below 30% armor, headshots from cover repair 20% (30%) of your armor.

Cooldown: 2 (1) seconds. ",Utility,,,,"If you are below🟢40% armor, headshots from cover repair 20% 🟢(40%) of your armor.
Cooldown: 🔴3🔴(5) seconds. "
,,,Efficient,Perfectly Efficient,"Using an armor kit has a 50% (75%) chance to not consume the armor kit. Specialization armor kit bonuses are increased by 100%.

Requires 10 seconds to arm talent",Utility,50% increase,,,"Using an armor kit has a 🔴35% 🔴(50%) chance to not consume the armor kit. Specialization armor kit bonuses are increased by 🔴30% 🔴(40%).
Requires 🔴14 seconds to arm talent"
,Utility,,Mad Bomber,Perfectly Mad Bomber,"Grenade Radius is increased by 50% (75%)
Grenade that kill an enemy are refunded.
Grenades can now be ''cooked'' by holding the fire button, making them explode earlier.
Gain 15% bonus armor while aiming grendes",Utility,,,,(Unchanged Normal and Perfect Talents)
,,,Braced,Perfect Braced,While in cover weapon handling is increased by 45% (50%).,Utility,,,,While in cover weapon handling is increased by 🔴42% 🟢(58%).
,,,Skilled,Perfectly Skilled,Skill kills have a 25% (30%) chance to reset skill cooldowns. ,Utility,,,,Skill kills have a 🔴20% 🔴(25%) chance to reset skill CDs. 
,,,Tag Team,--,"The last enemy you have damaged with a skill is marked. 
Dealing weapon damage to that enemy consumes the mark to reduce active cooldowns by 6s. 

Cooldown: 4s",Utility,,,,(Unchanged Normal Talent)
,,,Trauma,Perfect Trauma,"Applies blind to an enemy hit in the head. Cooldown: 30 (20) seconds.
Applies bleed to an enemy hit in the chest. Cooldown: 30 (20) seconds.",Utility,,,,"Applies blind to an enemy hit in the head. Cooldown: 🔴35 🔴(25) sec
Applies bleed to an enemy hit in the chest.Cooldown:🔴35 🔴(25) sec"
,,,Tamper Proof,Perfectly Tamper Proof,"Enemies that walk within 3m of your hive, turret, remote pulse, or decoy are shocked. 

Arm time: 2 seconds
Cooldown per skill: 10 seconds (8 Seconds)",Utility,Arm time: 5 seconds,Perfect version is available only on the backpack ( Palisade Steelworks: Proxy),,"Enemies that walk within 3m of your hive, turret, remote pulse, or decoy are shocked. 

Arm time: 🔴3 seconds
Cooldown per skill: 10 seconds (8 Seconds)"
,,,Reassigned,--,"Killing an enemy adds 1 round of a random special ammo into your sidearm.
Cooldown: 15 seconds.",Utility,,,,Killing an enemy adds 🟢2 round of a random special ammo into your sidearm.             Cooldown: 🔴8 seconds.
Backpack   Talents   -,Skill DPS,,Combined Arms,Perfect Combined Arms,Shooting an enemy increases total skill damage by 25% (30%) for 3s. ,Total Skill Damage,,,,
,,,Tech Support,Perfect Tech Support,Skill kills increase total skill damage by 25% for 25s (27s).,Total Skill Damage,,,,
,Skill DPS/ Sustain,,Shock and Awe,Perfect Shock and Awe,Applying a status effect to an enemy increases total skill damage and repair by 20% for 20s (27s).,Total: Skill Damage / Repair,,,,
,Weapon DPS,,Vigilance,Perfect Vigilance,Increases total weapon damage by 25%. Taking damage disables this buff for 4s (3s). ,Total Weapon Damage,,,,
,,,Versatile,Perfect Versatile,"Amplifies total weapon damage for 10s when swapping between your primary and secondary weapons if they are different.

35% (45%) to enemies within 15m for Shotguns and SMGs
35% (45%) to enemies further than 25m for Rifles and MMRs
10% (20%) to enemies between 15-25m for LMGs and Assault Rifles.

At most once per 5s per weapon type. ",Amplifier,,,,
,,,Unstoppable Force,Perfectly Unstoppable Force,"Killing an enemy increases total weapon damage by 5 (7)% for 15s. 
Stacks up to 5 times.

Grenade kills add 2 stacks.",Total Weapon Damage,,,,
,,,Companion,Perfect Companion,"While you are within 5 (10) m of an ally or skill, total weapon damage is increased by 15% (20%) Perfect is on named CHEST item Only.",Total Weapon Damage,,,,
,,,Composure,Perfect Composure,"While in cover, increases total weapon damage by 15%.",Total Weapon Damage,,,,
,,,Concussion,Perfect Concussion,"Headshots increase total weapon damage by 10% (20%) for 1.5s, 5s with marksman rifles. 
Headshot kills increase total weapon damage by 15% for 10s.

Both buffs can be active for an increase of 25% (35%) total weapon damage",Total Weapon Damage,,,,
,,,Wicked,Perfectly Wicked,Applying a status effect increases total weapon damage by 18% for 20s (27s).,Total Weapon Damage,,,,
,Weapon/ Skill DPS,,Opportunistic,Perfectly Opportunistic,Enemies you hit with shotguns and marksman rifles amplifies the damage they take by 10% (15%) from all sources for 5s.,Amplifier,,,,
,Sustain,,Clutch,Perfect Clutch,"When you are below 15% (20%) armor, critical hits repair 2.5% of missing armor. 
On kill, critical hits repair 2.5% of missing armor for 4 seconds.
Lowest possible repair is 0% armour

Each red core attribute adds 1 second to the time.
Maximum is 10 seconds.",Utility,,,,
,,,Safeguard,Perfect Safeguard,"While at full armor, increases total skill repair by 130% (160%).",Total Skill Repair,,,,
,,,Bloodsucker,Perfect Bloodsucker,Killing an enemy adds and refreshes a stack of +10% (12%) bonus armor for 10s. Max stack is 10.,Utility,,,,
,,,Leadership,Perfect Leadership,"Performing a cover to cover grants 15% (20%) of your armor as bonus armor to you and all allies for 10s. 
This is doubled (tripled) if you end within 10m of an enemy. 

Cooldown: 10s.",Utility,8% of armor,,,
,,,Protector,--,"When your shield is damaged, you gain +5% and all other allies gain +15% of your armor as bonus armor for 3s. 

Cooldown: 3s. ",Utility,,,,
,,,Adrenaline Rush,Perfect Adrenaline Rush,"When you are within 10m of an enemy, gain 20% (23%) bonus armor for 5s. Stacks up to 3 times.

Cooldown: 5s",Utility,"         Gain 10% bonus armor,
Perfect: Gain 12% bonus armour ",,,
,,,Galvanize,Perfect Galvanize,"Applying a Blind, Ensnare, Confuse, or Shock to an enemy grants 40% (50%) of your armor as bonus armor to you and all allies within 20m (30m) of that enemy for 10s",Utility,20% of armor,,,
,Utility,,Energize,Perfect Energize,"Using an armor kit grants +1 skill tier for 15s. 
If already at skill tier 6, grants overcharge. 

Cooldown: 60s (30s)",Utility,,,,
,,,Calculated,Perfectly Calculated,Kills from cover reduce skill cooldowns by 10% (15%).,Utility, ,,,
,,,Overclock,Perfect Overclock,"You and allies within 7m (15) of your deployed skills, gain +25% (30) reload speed and reduces active cooldowns by 0.2 (0.6) each second.",Utility,,,,
,,,Creeping Death,Perfect Creeping Death,"When you apply a status effect, it is also applied to all enemies within 8m (10m) of your target. 

Cooldown: 15s (10s)",Utility,,,,