Type,,Brand,Name,Icon,Talent,Talent / Named Perk Description,Core attribute,Minor 1,Minor 2,Minor 3,Released,Source,Flavour text / Notes
Mask,,Douglas & Harding,Punch Drunk,----,----,Extra Headshot Damage,"Weapon damage
1.5% - 15%","Headshot Damage
20%","Any Basic 
(cant be HSD)",----,,LZ,"""If the first shot doesn't drop 'em, the second one will. Or the third, third's usually good."""
,,Gila Guard,Nightwatcher,----,----,Scanner Pulse Haste,"Armour
16,594 - 170.000","Scanner Pulse Haste
100%",Any Basic,----,,LZ,"""Through glass and steel; looking at you; a view so cruel."""
,,Gila Guard,Chill Out,----,----,Has 2 Mod Slots and only 1 Minor Stat,"Armour
16,594 - 170.000",Any Basic,Mod Slot,Mod Slot,,Special Event Hoarder,"""Revenge is a dish best served cold.""- Someone who remembers you"
,,Legatus S.p.A.,Visionario,----,----,Extra optimal range,"Weapon damage
1.5% - 15%",50% optimal range,Any Basic,----,,LZ,"""So far be distant; and good night, sweet friend"" - A Midsummer Night's Dream"
,,Yaahl Gear,The Hollow Man,----,----,Damage to Health,"Armour
16,594 - 170.000",Damage to Health 14%,Any Basic,----,,DZ,"""No whimper. No bang. Just silence. The end of all things."""
Backpack,,Belstone Armory,Liquid Engineer,,Perfect Bloodsucker,Killing an enemy adds and refreshes a stack of +12% bonus armor for 10s. Max stack is 10,"Armour
16,594 - 170.000",Any Basic,Any Basic,Mod Slot,,DZ,"""Is that oil, or blood?"" -BTSU Combat Medic"
,,Brazos de Arcabuz ,Hermano,,Perfect Overclock,"You and allies within 15m of your deployed skills, gain +30% reload speed and reduces active cooldowns by 0.6 each second.","Armour
16,594 - 170.000",Any Basic,Any Basic,Mod Slot,,LZ,-
,,Habsburg Guard ,The Courier,,Perfect Creeping Death,"When you apply a status effect, it is also applied to all enemies within 10m of your target. 

Cooldown: 10s","Armour
16,594 - 170.000",Any Basic,Any Basic,Mod Slot,,LZ only,"""May this carry your soul to paradise"" -The Priest"
,,Lengmo ,Backbone,,Perfectly Unstoppable Force,"Killing an enemy increases total weapon damage by 7% for 15s.
Stacks up to 5.
Grenade kills add 2 stacks.","Armour
16,594 - 170.000",Any Basic,Any Basic,Mod Slot,,"
LZ","""Your first kill is hard. But it gets easier the more you do it."" -The Stratagist"
,,Golan Gear,   Anarchist's Cookbook,,Perfectly Wicked,Applying a status effect increases total weapon damage by 18% for 27s,"Armour
16,594 - 170.000",Any Basic,Any Basic,Mod Slot,,"LZ, DZ
Warlords Campaign
Vivian Conley (story)","""Conley, I think you'll find some great toys in here. Try not to blow everything up while you're looking through it."" - Aaron Keener"
,,"China Light 
Industries 
Corporation",Strategic Alignment,,Perfect Shock and Awe,Applying a status effect to an enemy increases total skill damage and repair by 20% for 27s,">+1<
Skill tier",Any Basic,Any Basic,Mod Slot,,LZ,"""I know this is going to look liike we're destroying everything. Don't worry about it. We don't make mistakes. Just happy accidents."" - Bob Ross"
,,Electrique ,Lavoisier,,Perfect Galvanize,"Applying Blind, Ensnare, Confuse, or Shock to an enemy grants 50% of your armor as bonus armor to you and all allies within 30 meters of that enemy for 10 seconds.",">+1<
Skill tier",Any Basic,Any Basic,Mod Slot,,LZ,"""A piece of perfection, if you understand what you can do with it.""  Anonymous"
,,"Walker, Harris & Co.",Matador,,Perfect Adrenaline Rush,"When you are within 10m of an enemy, gain 23% bonus armor for 5s. Stacks up to 3 times.

Cooldown: 5s","Weapon damage
1.5% - 15%",Any Basic,Any Basic,Mod Slot,,"DZ
","""I used to dance with death itself, but grew tired of the performance. I think I prefer having the odds stacked against me instead."" - The Bull"
,,Providence Defense,The Gift,,Perfect Vigilance,"Increases total weapon damage by 25%. 
Taking damage disables buff for 3s","Weapon damage
1.5% - 15%",Any Basic,Any Basic,Mod Slot,,DZ,"""Only after everything has been taken, can you learn to give. When the vessel is full, the soul is empty."" - Unknown"
,,"Alps Summit 
Armament",Percussive Maintenance,,Perfect Tech Support,Skill kills increase total skill damage by 25% for 27s,">+1<
Skill tier",Any Basic,Any Basic,Mod Slot,,LZ,"""Have you tried turning it off and on again?""
(note: don't turn your devices on and off. Use the Restart function to solve problems instead. They have different functions.)"
,,Legatus S.p.A.,Vigil,,Perfect Versatile,"Amplifies total weapon damage for 10s when swapping between your primary and secondary weapons if they are different.

45% to enemies within 15m for Shotguns and SMG's.
45% to enemies further than 25m for Rifles and MMR's.
20% to enemies between 15-25m for LMG's and AR's
At most once per 5s per weapon type.","Weapon damage
1.5% - 15%",Any Basic,Any Basic,Mod Slot,,LZ,"""Honor the fallen.""  "
,,Ceska Vyroba s.r.o,Devil's Due,,Perfect Clutch,"When you are below 20% armor, critical hits repair 2.5% of missing armour. 
On kill, critical hits repair 2.5% of missing armor for 4 seconds.
Lowest possible repair is 0% armour

Each red core attribute adds 1 second to the time.
Maximum is 10 seconds.","Weapon damage
1.5% - 15%",Any Basic,Any Basic,Mod Slot,,DZ,"When he comes calling
It's best not be stalling
Or you might find yourself falling
Down, down, down below
- Inscription inside the pack"
,,Empress International,Battery Pack,,Perfectly Calculated,Kills from cover reduce skill cooldowns by 15%.,">+1<
Skill tier",Any Basic,Any Basic,Mod Slot,,LZ,-
,,Uzina Getica,The Setup,,Perfectly Opportunistic, Enemies you hit with shotguns and marksman rifles amplifies the damage they take by 15% from all sources for 5s.,"Armour
16,594 - 170.000",Any Basic,Any Basic,Mod Slot,,LZ,-
,,Hana-U Corporation,Force Multiplier,,Perfect Combined Arms,Shooting an enemy increases total skill damage by 30% for 3s. ,">+1<
Skill tier",Any Basic,Any Basic,Mod Slot,,LZ,"""You've got to think about force multipliers in this line of work. You don't always have backup, so make use of what's available."" - SHD Training Guide"
,,Palisade Steelworks,Proxy,,Perfectly Tamper Proof,"Enemies that walk within 3 meters of your Hive, Turret, Remote Pulse or Decoy are shocked.

Arm time: 2 seconds. Cooldown per Skill: 8 seconds
","Armour
16,594 - 170.000",Any Basic,Any Basic,Mod Slot,,LZ,"""Hostile detected. Hostile Eliminated."" -Alexander Ortiz"
,,Shiny Monkey,Axel,,Perfect Energize,"Using an armor kit grants +1 Skill Tier for 15s. 
If already at Skill Tier 6, grants Overcharge. 

Cooldown 30s. ",">+1<
Skill tier",Any Basic,Any Basic,Mod Slot,,LZ,"""Don't fear your instincts, Society taught you how to fail."""
,,Imminence Armaments,Cap'n,,Perfect Leadership,"Performing a cover to cover grants 20% of your armor as bonus armor to you and all allies for 10s. 
This is Tripled if you end within 10m of an enemy. 

Cooldown: 10s.","Weapon damage
1.5% - 15%",Any Basic,Any Basic,Mod Slot,,LZ,"""Get behind me."""
,,Royal Works,Bulldog,,Perfect Composure,"While in cover, increases total weapon damage by 20%.","Weapon damage
1.5% - 15%",Any Basic,Any Basic,Mod Slot,,LZ,
,,Edelweiss GPz,Momma Badger,,Peerfect Safeguard,"While at full armor, increases total skill repair by (160%).",">+1<
Skill tier",Any Basic,Any Basic,Mod Slot,TU 28,LZ/DZ,
,,Grupo Sombra S.A.,Festive Delivery,,Fireworks Show,"Concussion grenades become Festive Grenades.

Hitting an enemy with a Festive Grenade will cause explosions to happen around two other enemies within 20m. 10m in pvp 

*Dealing 15% damage in PVP","Weapon damage
1.5% - 15%",Any Basic,Any Basic,Mod Slot,,Special Event Hoarder,"""You get fireworks, and you get fireworks. Everybody gets fireworks!"""
Chest,,Electrique ,Henri,,Perfect Companion ,"While you are within 10m of an ally or skill, total weapon damage is increased by 20%",">+1<
Skill tier",Any Basic,Any Basic,Mod Slot,,LZ,"""We live together, we learn together, we die together. But, first we make each other stronger.""  Anonymous"
,,Golan Gear,Hunter-Killer,,Perfect intimidate,"While you have bonus armour, gain 3 stacks each second up to a max of 10. Each stack increases total weapon damage by 4% to enemies within 10m.

All stacks are lost when you have no bonus armour.","Armour
16,594 - 170.000",Any Basic,Any Basic,Mod Slot,,"Off-White cache
then Cassie Mendoza","""These guys came out of nowhere. Dressed to kill and armed to the teeth. Turns out, we were the ones they were sent to kill."" 
- Division Agent"
,,Belstone Armory,Everyday Carrier,,Perfectly Efficient,"Using an armor kit has a 75% chance to not consume the armor kit. Specialization armor kit bonuses are increased by 100%.

Requires 10 seconds to arm talent","Armour
16,594 - 170.000",Any Basic,Any Basic,Mod Slot,,LZ,"""What's in my everyday carry? As many armour plates as I can fit"" 

- Agent Sanders"
,,"Walker, Harris & Co.",Chainkiller,,Perfect Headhunter,"After killing an enemy with a headshot, your next weapon hit within 30s deals 150% of that killing blow’s damage in addition to it.

Damage is capped to 800% of your weapon damage. This is raised to 1250% if your headshot damage is greater than 150%.","Weapon damage
1.5% - 15%",Any Basic,Any Basic,Mod Slot,,LZ,"""Ninety-nine bottles of beer on the wall, ninety-nine bottles of beer. Shoot one down, watch it explode, ninety-eight bottles of beer on the wall...""

- Bored True Sons Marksman"
,,Gila,Pointman,,Perfect Vanguard,"Deploying a shield makes it invulnerable for 5s and grants 50% of your armor as bonus armor to all other allies for 20s. 

Cooldown: 25s","Armour
16,594 - 170.000",Any Basic,Any Basic,Mod Slot,,"LZ
Warlords Campaign
James Dragov (story)","""Knuckles, Ron, you're with me.  Duchess, you're on point. Here, take this. Maybe it'll save yer ass."" 
- James Dragov"
,,Petrov,Vedmedytsya Vest,,Perfect Braced,While in cover weapon handling is increased by +50%,"Weapon damage
1.5% - 15%",Any Basic,Any Basic,Mod Slot,,Crafted,Brace yourself. Stand firm against the tide of history.
,,Providence Defense,The Sacrifice,,Perfect Glass Cannon,"All damage you deal is amplified by 30%. 
All damage you take is amplified by 60%.","Weapon damage
1.5% - 15%",Any Basic,Any Basic,Mod Slot,,LZ,"""Only after everything has been given, can you expect to receive. When the vessel is empty, the soul is complete."""
,,Badger Tuff,Zero F’s,,Perfect Unbreakable,"When your armor is depleted, repair 100% of your armor. 
Cooldown: 55s","Armour
16,594 - 170.000",Any Basic,Any Basic,Mod Slot,,LZ,"""Behold! The field in which I grow my fucks. Lay thine eyes upon it and see that it is barren."""
,,Fenris Group AB,Ferocious Calm,,Perfect Overwatch,"After staying in cover for 8 seconds, increase your and all allies’ total weapon and skill damage by 14% as long as you remain in cover or in a cover-to-cover move.","Weapon damage
1.5% - 15%",Any Basic,Any Basic,Mod Slot,,DZ,"""The invention of the gun required a redefinition of courage from aggressive ferocity to calmness under fire"" - Robert L . O'Connell"
,,Grupo Sombra S.A.,Door-Kicker’s Knock,,Perfect Spark,Damaging an enemy with a skill increases total weapon damage by 18% for 20 seconds.,"Weapon damage
1.5% - 15%",Any Basic,Any Basic,Mod Slot,,DZ,"""Just drop your seeker and let it go. Don't let the bang trip you up. You've got to prepare for the shock."" - SHD Training Guide"
,,Empress International,Caesar's Guard,,Perfectly Skilled,Skill kills have a 30% chance to reset skill cooldowns,">+1<
Skill tier",Any Basic,Any Basic,Mod Slot,,LZ,-
,,Uzina Getica,Closer ,,Perfect Spotter,Amplifies total weapon and skill damage by 20% to pulsed enemies.,"Armour
16,594 - 170.000",Any Basic,Any Basic,Mod Slot,,LZ,-
,,Habsburg Guard ,Cherished ,,Perfect Trauma,Applies blind to enemy hit in the head. Cooldown 20 seconds. Applies bleed to an enemy hit in the chest. Cooldown 20 seconds ,"Armour
16,594 - 170.000",Any Basic,Any Basic,Mod Slot,,LZ only,"""My gift to you, to protect your sacred heart."" The Priest"
,,Lengmo ,Carpenter,,Perfectly Mad Bomber,"Grenade Radius is increased by 75%
Grenade that kill an enemy are refunded.
Grenades can now be ''cooked'' by holding the fire button, making them explode earlier.
Gain 15% bonus armor while aiming grendes","Armour
16,594 - 170.000",Any Basic,Any Basic,Mod Slot,,LZ,"""The things i break stay broken."" - The Stratagist"
,,Zwiadowka Sp. z o.o.,Bober,,Perfect Entrench,"If you are below 30% Armor, headshots from cover repair 30% of your armor. Cooldown 2 seconds.","Weapon damage
1.5% - 15%",Any Basic,Any Basic,Mod Slot,,LZ,"""No way they can get me in this."" - Diesel"
,,Airaldi Holdings,Pristine Example,,Perfect Focus,"Increases total weapon damage by 6% every second you are aiming while scoped 8x or higher, up to 60%.","Weapon damage
1.5% - 15%",Any Basic,Any Basic,Mod Slot,,LZ,"""Only the first shot is clean. Everything after that is just messy."""
,,Urban Lookout,Sleight,,Perfect Protected Reload,"Grants +40% bonus armor while reloading.

Grants 0-30% of your armor as bonus armor to all other allies when they are reloading, based on your Blue core attribute.","Weapon damage
1.5% - 15%",Any Basic,Any Basic,Mod Slot,,LZ,"""I'm feeling generous."""
,,Palisade Steelworks,Combustor,,Perfectly Explosive Delivey,"Whenever you throw a skill, 1.5 seconds after landing, it creates an explosion damaging enemies within 5m. 
Afterwards explosions will occur evey 5s.

Damage scales with skill tier dealing 25-100% damage of a concussion grenade. 

Occurs once per skill. 

Applies to Remote Pulse, All Turrets, All Hives, Explosive Seeker, Cluster Seeker, Mender Seeker, Decoy, All Traps.","Armour
16,594 - 170.000",Any Basic,Any Basic,Mod Slot,,LZ,"""My operatives would never be left alone in the field"" - Natalya Sokolova"
,,Wyvern Wear ,Impetus,,Perfect Kinetic Momentum,"When in combat, each skill generates a stack while active or not on cooldown.

Stacks increase your total skill damage by 1.5% and total skill repair by 2%. Up to 18 stacks per skill. Lost when on cooldown.",">+1<
Skill tier",Any Basic,Any Basic,Mod Slot,,,
,,Royal Works,Robin,,Perfect Gunslinger,Weapon swapping increases total weapon damage by 28% for 5s. This buff is lost for 5s if you weapon swap while it is active,"Weapon damage
1.5% - 15%",Any Basic,Any Basic,Mod Slot,,LZ,
,,Edelweiss GPz,Benefactor,,Perfect Empathic Resolve,"Repairing an ally, increases their total weapon and skill damage by 3-20% for 10s. 

1-15% if self. Effectiveness increased by your skill tier.",">+1<
Skill tier",Any Basic,Any Basic,Mod Slot,TU 28,LZ/DZ,
,,Unit Alloys,Equalizer,,Perfect Obliterate,Critical hits increase total weapon damage by 1% for 10s. Stacks up to 24 times.,"Weapon damage
1.5% - 15%",Any Basic,Any Basic,Mod Slot,,LZ,
Gloves,,5.11 Tactical,Deathgrips,----,----,Armor on Kill,"Armour
16,594 - 170.000","Armor on Kill
10%",Any Basic,----,,DZ,"""Most people are white-knuckling their way through life, sterss levels off the charts. Working dead-end jobs paying off their loans, student debts and fucking lattes. 
That shit will kill you without clarity in your life, and nothing brings clarity like hanging off the side of a mountain."""
,,Petrov,Contractor’s Gloves,----,----,Damage to Armor,"Weapon damage
1.5% - 15%","Damage to Armor
8%",Any Basic,----,,LZ,"""Never met a man I couldn't break. Apply enough pressure on a small enough point, and anything cracks."""
,,"Alps Summit 
Armament",Motherly Love,----,----,Skill Health,">+1<
Skill tier","Skill Health
25%",Any Basic,----,,Crafted,"""Life is horrible. Once you realise that, it's easier to appreciate the moments that are the exceptions. Makes it all a bit more realistic to endure."""
,,Zwiadowka Sp. z o.o.,Eagles Grasp,----,----,Weapon Handling,"Weapon damage
1.5% - 15%","Weapon handling
15%","Any Basic
(Cant be handling)",----,,LZ,"""Just wait until I get my hands on them."" 
- Saint"
,,Sokolov Concern,Firm Handshake,----,----,Extra Status effect,"Weapon damage
1.5% - 15%","Status Effects
16%","Any Basic
(Cant be Status)",----,,LZ,"""You can tell a lot about a person from their handshake. It's also a great pathogenic delivery system."""
Holster,,Richter & Kaiser,Forge,----,----,Shield Health,">+1<
Skill tier","Shield Health
50%",Any Basic,----,,LZ,"""The space in between is where you want to be. Not the hammer. Not the anvil. You are the impact, 
the energy, the potential. Bend or break, you will find purpose. And in purpose, there is truth."""
,,Badger Tuff,Ammo Dump,----,----,Ammo Capacity,"Armour
16,594 - 170.000","Ammo capacity
10%",Any Basic,Any Basic,,Crafted,"""Whaddya mean yer outta ammo? Dig around in that mess you call a holster and find something to shove in your gun and shoot!"" 
- True Sons platoon leader"
,,Brazos de Arcabuz ,Picaros Holster,----,----,Weapon Damage Minor Stat,"Armour
16,594 - 170.000","Weapon damage
10%",Any Basic,----,,LZ,-
,,Urban Lookout,Spot-On,----,----,Accuracy ,"Weapon damage
1.5% - 15% (15% - 22.5)","Accuracy
38%",Any Basic,----,,LZ,"""It's all in the hip."""
,,Unit Alloys,Salvo,----,----,Rate of Fire,"Weapon damage
1.5% - 15%",5% Rate of Fire,Any Basic,----,,LZ,
,,Wyvern Wear,Claws Out,----,----,Melee Damage + Pistol Damage,">+1<
Skill tier","Melee Damage
500%",Any Basic,"Pistol Damage
11%",,DZ,"""Rip and tear!"""
Knees,,Overlord Armaments,Fox’s Prayer,----,----,Damage to Targets Out of Cover,"Weapon damage
1.5% - 15%","Damage to out of Cover
8%",Any Basic,----,,LZ,"""Ever heard of an atheist in a foxhole? Me neither."""
,,Electrique ,Snow Machine,,Flurry,status effects apply snowfall to target,">+1<
Skill tier",Any Basic,Any Basic,Any Basic,,Special Event Hoarder,"""Like our friends down under, if we want snow on Christmas we have to make it ourselves"""
,,Ceska Vyroba s.r.o,Turmoil,,Bewildered,"When dealing Weapon Damage to an enemy, 50% of the damage will be dealt to another enemy within 30m instead. When there are no enemies nearby, deal damage normally. Does not apply to Armor Plates",15% Weapon Damage,12% Critical Hit Damage,6% Critical Hit Chance,----,,Limited time April Fools event.,Never let them know your next move.
,,Murakami Industries,Emperor’s Guard,----,----,% Armor Regen,">+1<
Skill tier","Armor Regen
1%",Any Basic,----,,DZ,"""Fall down seven times, get up eight."""
,,Shiny Monkey,Grease,----,----,Extra Status effect,">+1<
Skill tier","Status Effects
16%",Any Basic,----,,LZ,"""I'm not in danger, you're in danger"""
,,Imminence Armaments,Cloak,----,----,% Reduced Threat,15% Weapon Damage,"Reduced Threat
50%",Any Basic,----,,LZ,"""No sudden movements."""
,EXOTICS,,,,,,,,,,,,
Mask,,,,,Toxic Delivery,"Status effects also apply a damage over time debuff for 10s.  

Total Damage dealt is equal to 50% of your concussion grenade damage and increased by your status effect attributes.",">+1<
Skill tier","Status Effect
5% - 10%","Hazard Protection
5% - 10%",Mod Slot,,"- Season 3 track

-- Target loot
-- Exotic Caches","""You cling to life like a rebellious teen resisting curfew. But death is patient... and so am I."" 

- Dr Vilis, BTSU Physician"
,,,Vile ,,,,,,,,,,
,,,,,Vicious Cycle,"Taking damage builds stacks to a cap of 30. Each stack grants 1.5% Weapon Damage. Taking damage at max stacks triggers a purge, removing all stacks and Status Effects and then dropping a healing cloud which restores 5% of Max Armor for 10s to all allies in the cloud. ","Armour
16,594 - 170,000","Incoming Repair
7.8% - 20%","Armor Regen
1689 - 4925",Mod Slot,,"- Season 9 Track (TU15)

-- Target loot
-- Exotic Caches","""The establishment does everything in its power to ensure that revolutionary rage is redirected into empty outlets which provide pressure releases for 
desires that could become dangerous if allowed to progress"" 

-George L. Jackson"
,,,"Catharsis",,,,,,,,,,
,,,,,Pack Instincts,"You and all allies gain a bonus based on the distance of the last enemy you hit.

0-15m: +25% critical hit damage
15-25m: +10% critical hit chance and +10% critical hit damage
25m+: +25% critcal hit Chance","Weapon damage
1.5% - 15%","Critical Hit Chance
1.2% - 6%","Critical Hit Damage
6% - 12%",Mod Slot,,"- Season 1 track
- Coyote, Jefferson Trade Centre 

-- Target loot
-- Exotic Caches","""Lived through this bullet. I'll live through yours."" 
- Coyote

- Do not bother farming for this exotic through Coyote at Jefferson Trade Centre. Instead, farm Countdown with mask targeted loot. It is more efficient.
- The Jefferson Trade Centre mission becomes tragic when you realise that Espinoza is one of Agent Kelso's few trusted friends in DC.
- Agent Kelso was overly confident that Coyote wouldn't kill Espinoza not because she didn't care, but because she was in denial and couldn't believe
that anything bad could happen to him.
- Kelso and Espinoza's backstory can be heard on the Embassy classified assignment collectibles. Click on this cell to watch a video of that mission.
-A group member can receive all 3 damage buffs at the same time, However, a group member can only have 1 of each damage buff at a time
(e.g. if there are 2 CQC players, you will still only get +25% critical hit damage)"
,,,Coyote’s Mask,,,,,,,,,,
,,,Catalyst,,Chemical Agent,"Catalysis
Dealing and recieving status effects (Burn, Bleed, Shock, EMP/Disrupt, Poison and blind/disorient) builds stacks of Catalysis to a maximum of 12. each stack grants:
+2% Weapon Damage
+2% Status Effects

Each enemy within 25 Meters that is affected by a status effect grants +1 stack/sec. Being affectedby status effects grants +2 stacks/sec. 
Stacks decay at 1 stac/sec after 5s if no enemies in the radius or you are affected by status effects.

Reactant
At max stacks, killing a status-affected enemy grants bonuses for 5s:
+25% bonus armor
+20% reload speed

Stabilizer
While burning, you can maintain ADS without disruption.","Weapon damage
1.5% - 15%","Hazard Protection
5% - 10%","Status Effect
5% - 10%",Mod Slot,,"- LM-21 ""Marauder"", Army Terminal  
- Brooklyn open world Named Bosses","""We're still being tested. The only constant variable is fire""


-the status effect that give stacks do not include foam"
,,,,,,,,,,,,,
,,,Tinkerer,,Abridged,"If your Primary and Secondary weapon are not Exotic or Named and of the same type, the Secondary Weapon's talent will also be applied to the Primary Weapon.

Doesn't apply to talents that include Weapon Swapping.","Weapon damage
1.5% - 15%","Critical Hit Chance
1.2% - 6%","Critical Hit Damage
6% - 12%",Mod Slot,,"- Guaranteed reward for first completion of Y7S1 Climax mission on master difficulty
- Drop chance from boss of Y7S1 Climax mission on any difficulty (Difficulty affects droprate)","""Why not both."""
,,,,,,,,,,,,,
,,,Investor,,Slotted,"Receive bonuses for each non-Core Attribute on this item, depending on their color:

Red: +10% Crit Damage
Yellow: +5% Skill Efficiency
Blue: +1% Armor Regen

PvP Only: 0.5% Armor Regen",This item can feature any Core Attribute. This item features a third random Attribute instead of having a Gear Mod Slot.,"This item cannot feature the Headshot Damage, Health or Skill Repair Attributes",,,,,Investor Reference Sheet
Backpack,,,,,"One in the Hand...




...Two in the bag","Throwing a grenade refunds it and grants +1 skill tier for 15s. 
Grants overcharge if already at skill tier 6

Cooldown: 60s

+1 Armor Kit Capacity
+3 Grenade Capacity
+25% Ammo Capacity
+10% Repair-Skills
+10% Status Effects",">+1<
Skill tier","Skill Damage
1.3% - 10%","Skill Haste
6% - 12%",Mod Slot,,"- Faction lockboxes (3%)

-- Target loot
-- Exotic Caches","""You never know what you're going to need, so it's best to be prepared."" 
- Eva Acosta, Urban Spelunker

- This backpack can drop with a variety of strap colours, namely red, green and purple. Gotta collect them all!
- Eva Acosta is a character from Division 1 who left audio logs all over the city detailing her exploration. Due to the nature of what she sees, these logs get 
increasingly disturbing. Click on this cell to listen to Eva's logs.
- Eva does not seem to be associated with any organsation, and even her spelunking crew seems to be a group of friends. It is evident, however, that she has
lived in New York all her life and cares deeply about well being of the city. For this reason, I chose to use a symbol from a redesign of the New York flag.
- The full redesigned New York flag is from r/Vexillology"
,,,Acosta's Go-Bag,,,,,,,,,,
,,,Birdie's Quick Fix Pack,,Combat Medic,"+80% Revive Speed
-50% Weakened Debuff timer
+45% Hive efficiency
Provides +50% damage resistance to both agents while reviving or being revived, and for 5s after a successful Hive Revive, or 10s after a Manual Revive. Any successful revives provide  +1 Skill tier for 5s. Revives at skill tier 6 grant Overcharge for 15s.",">+1<
Skill tier","Skill Haste
6% - 12%","Repair Skills
7.8% - 20%",Mod Slot,,"- Guaranteed reward for first completion of Y6S3 Climax mission on master difficulty
- Drop chance from boss of Y6S3 Climax mission on any difficulty (Difficulty affects droprate)","""Get up, we're out of body bags."""
,,,,,,,,,,,,,
,,,,,Kill Confirmed,"Enemies you kill drop a trophy on death. Collecting trophies provides both a short and long term buff, the first of which scales with the number of core attributes equipped and lasts 10s.

Red Core - 5% Weapon Damage
Blue Core - 10% Bonus Armor
Yellow Core - 5% Skill Effciency

For every trophy collected gain an additional +1% weapon damage, +1% skill efficiency and +0.1% armor regeneration for 300s

Maximum 30 stacks","Weapon damage
1.5% - 15%","Armour
16,594 - 170,000",">+1<
Skill tier",Mod Slot,,"- Season 3 track

-- Target loot
-- Exotic Caches","""I took from those who watched, hunted, and collected, until only tgheir shadows remained. Now my watch has ended, so yours may begin.""

- Inscription by an unknown author


- The name ""Memento"" is a reference to  the fact that Hunters keep watches of Agents they have killed as sick mementos. 
- The axes on the backpack are Hunter axes. These Crash Axes, the same ones found in planes. While usually used for breaching and rescue, 
Hunters use these axes to melee Agents who get too close.
- +5% Skill Efficiency grants +5% of every yellow minor attribute (skill haste, status effects, skill health...). +1% Skill Efficiency grants +1%.
- Memento is suspiciously similar to Prism Gloves, a joke exotic posted by Azurmen32 to the Division 2 subreddit. This is part of a running gag about 
rainbow roll items being good."
,,,Memento,,,,,,,,,,
,,,,,Resourceful,"
Slots in with any equipped Gear Set and/or 
Brand Set item to fulfill a requirement towards 
unlocking a Gear and/or Brand Sets bonus. 
Can unlock bonuses from multiple sets 
simultaneously.","Weapon damage
1.5% - 15%","Armour
16,594 - 170,000",">+1<
Skill tier",Mod Slot,,"- Season 11 reward track

-- Target loot
-- Exotic Caches","""From the depths of hell, this has been resurrected as if it cannot die."" The Priest"
,,,"NinjaBike 
Messenger Backpack",,,,,,,,,,
,,,,,Harrier Pride,"Getting kills and hitting enemies 3 times builds Red stacks. Each stack provides 0.5% Weapon Damage.

Getting hit 3 times builds Blue stacks. Each stack provides 0.5% Damage Resistance.

Upon reaching 80 stacks in total, receive a separate bonus of 0.5% Damage Resistance per Red stack and 0.5% Weapon Damage per Blue stack until the next time the stack cap is reached.","Weapon damage
1.5% - 15%","Armour
16,594 - 170,000","1
Skill tier",Mod Slot,,,
,,,Harrier Pride,,,,,,,,,,
Chest,,,,,Hoarder,"+3 Grenade Capacity
+50% Grenade Radius
+35% Grenade Damage
+25% Grenade Damage for each extra enemy caught in the blast
Automatically regenerate grenades every 30s, if you have less than 2 grenades in your inventory.","Weapon damage
1.5% - 15%","Critical Hit Chance
1.2% - 6%","Critical Hit Damage
6% - 12%",Mod Slot,,"- Year 5 Season 2 track

-- Target loot
-- Exotic Caches","""Let's see the Division glue you back together after this.""
- The Strategist"
,,,Collector ,,,,,,,,,,
,,,,,Challenger,Recieve +25% Damage resistance from enemies within 20m,"Armour
16,594 - 170.000","Armor Regen
1689 - 4925","Hazard Protection
5% - 10%",Mod Slot,,"- Guaranteed reward for first completion of Y6S2 Climax mission on master difficulty
- Drop chance from boss of Y6S2 Climax mission on any difficulty (Difficulty affects droprate)","""One does not simply wear red into battle. A red knight is not afraid but ready to provoke ."" - Anonymous"
,,,Provocator,,,,,,,,,,
,,,,,Bond,"Both you and Allies receive +30% Critical Hit Damage, +15% Skill Efficiency and +2% Armor Regen when an Ally is within 10 m of you.

Receive +15% Critical Hit Damage, +7.5% Skill Efficiency and +1% Armor Regen when one of your Skills is within 10m of you.

Only the highest group of buffs can be active at one time.","Weapon damage
1.5% - 15%","Critical Hit Chance
1.2% - 6%","Critical Hit Damage
6% - 12%",Mod Slot,,,With Me.
,,,Beacon,,,,,,,,,,
,,,,,Ablative Nano-Plating,"Whenever you or any ally's armor breaks, they gain 80% of your armor as bonus armor for 10s.

Cooldown per ally: 45s

Killing an enemy with your specialization weapon removes this cooldown for all allies.","Armour
16,594 - 170.000","Armor Regen
1689 - 4925","Explosive Resist
1% - 10%",Mod Slot,,"- True Sons Bosses

-- Target loot
-- Exotic Caches","An evolution of the reactive armour concept, ablative nano-plating was initially designed as a prototype technology for self-repairing heat shields on aircraft repeatedly entering and exiting planetary atmospheres.

- This is a science fiction version of ablative heat shielding, which is used primarily on spacecraft. The earliest description of this technology is
found in Robert H. Goddard's 1920 letter to the Smithsonian Institution, hence the faction logo. Goddard pioneered much of the technology used in modern space
exploration, and a lot of his research was made possible through a grant from the Smithsonian Instiitution.
- In reality self-repairing materials exist, but ablative heat shields do not self-repair. Instead, they are made in a manner which allows them to sustain greatly 
decreased wear from atmospheric re-entry."
,,,"Tardigrade 
Armor System",,,,,,,,,,
,,,,,Bleeding Edge,"Shooting enemies within 15m applies bleed to the target.

Repair 3-48% of your armor per second for every enemy that is bleeding within 15m.

Repair strength per number of bleeding enemies:

1:3% 2:6% 3:12% 4:24% 5:48%","Weapon damage
1.5% - 15%","Critical Hit Chance
1.2% - 6%","Critical Hit Damage
6% - 12%",Mod Slot,,"-The Summit project:
""Body Armor"" floor 1-20
""Shoulder Pads"" floor 21-40
""Hunting Knife"" on floor 41-60
""Flag Patch"" floor 61-80
""Dog Tags"" floor 81-100

After owning blueprint
-- Target loot
-- Exotic Caches","""You can tell a lot about a man by the way he bleeds. Me? I bleed for my country, and nothing else."" 

- General Antwon Ridgeway"
,,,Ridgeway's Pride,,,,,,,,,,
Gloves,,,,,Over the top,"Damaging an enemy with a grenade or striking an enemy with a melee attack, activates Seeing Red. 

Seeing Red grants +25% weapon damage and +100% melee damage. 

Seeing Red lasts 20 seconds and starts a 60 second cooldown after completion.

While in cooldown, damaging an enemy with a melee attack or hitting an enemy with the effect of a grenade will complete the cooldown instantly.

Editor's note: the 25% ""weapon damage"" buff actually gives total weapon damage.","Weapon damage
1.5% - 15%","Critical Hit Chance
1.2% - 6%","Critical Hit Damage
6% - 12%",----,,"- Season 10 Track (TU16)

-- Target loot
-- Exotic Caches","""A broken watch is still a good memento."" 13"
,,,Bloody Knuckles,,,,,,,,,,
,,,,,Transference Overclock,"Grants 15% Hive skill haste per skill tier.

Detonating a hive refreshes your skill cooldowns and grants overcharge for 15s. 
If at Skill Tier 6, this effect also applies to all allies.

Allies recieving this effect are unable to benefit from it again for 120s",">+1<
Skill tier","Skill Haste
6% - 12%","Skill Repair
7.8% - 20%",----,,"- Black Tusk Medics
- Galveston, Camp White Oak

-- Target loot
-- Exotic Caches","""Pop always told me 'son, you're only as good as the tools you work with.' So I chose to work with the organisation with the best tools."" 
- Galveston

- Galveston is the endboss of Camp White Oak, and was in charge of keeping track of President Ellis
- In real life, judging from crow's flight distance, Camp White Oak is most likely Camp David. This camp is a Presidental retreat, which makes the fact that the 
President retreated here a clever pun."
,,,BTSU Datagloves,,,,,,,,,,
,,,,,Smoke Screen,"On Armor break, drop a Smoke Bomb at your feet, concealing you from enemies for 3s.
Cooldown: 40s","Weapon damage
1.5% - 15%","Critical Hit Chance
1.2% - 6%","Critical Hit Damage
6% - 12%",----,,"- Year 6 Season 3 track

-- Target loot
-- Exotic Caches","""I'd like to make a withdrawal."""
,,,Exodus Gloves,,,,,,,,,,
,,,,,Weakest Link,"Amplifies Weapon Damage by 30% to the lowest ranking enemies currently in combat, as per the Tier hierarchy.

Tier 1: Hunter, Rogue, Leader, Tank, Shield, Heavy Weapons, RPG, Medic, Controller, Warhound, Marauder.
Tier 2: Support, Engineer, Bodyguard, Immobilizer, Bomber, Mini Tank, Drone Operator.
Tier 3: Any other enemy or skill proxy.","Weapon damage
1.5% - 15%","Critical Hit Chance
1.2% - 6%","Critical Hit Damage
6% - 12%",----,,"- Year 7 Season 2 track
","""Start from the bottom and make your way up.""

Note: Tier 3 is lowest, tier 1 is highest.
"
,,,Overdogs,,,,,,,,,,
,,,,,Iron Grip,"-50% Recoil Penalty when hip-firing.

-50% Recoil Penalty when blind-firing from cover.","Weapon damage
1.5% - 15%","Critical Hit Chance
1.2% - 6%","Critical Hit Damage
6% - 12%",----,,"- Year 5 Season 3 Track (TU20)

-- Target loot
-- Exotic Caches","""Can't say I invented this, but at least I had a hand in it."" 
- Calvin McManus"
,,,Rugged Gauntlets,,,,,,,,,,
Holster,,,,,Counter,"Swapping weapons will give the following groups of bonuses one by one, in order:

1. +20% Rate of Fire, +20% Weapon Damage
2. +50% Magazine Size, +50% Reload Speed

The bonuses remain active for 12s or until the next weapon swap. 
Swapping to your sidearm will not trigger the next group of bonuses.","Weapon damage
1.5% - 15%","Critical Hit Chance
1.2% - 6%","Weapon Handling
?% - 8%",----,,"- Year 6 Season 2 track

-- Target loot
-- Exotic Caches","""it's better ti have more than one gun in your holster."""
,,,Centurion Scabbard,,,,,,,,,,
,,,,,Ouick Draw,"While your pistol is holstered, gain a stacking buff every 0.3s, up to 100.

When you swap to it, your first shot consumes the buff and deals +10% damage per stack.  This deals headshot damage to anywhere you hit.

REQUIRES
Pistol Equipped","Weapon damage
1.5% - 15%","Weapon Handling
?% - 8%","Headshot Damage
1.3% - 10%",----,,"- Project questline (from blueprint vendor)

After you own blueprint
-- Target loot
-- Exotic Caches","""Fast is fine, but accuracy is everything. In a gunfight... You need to take your time in a hurry."" 

- Wyatt Earp

-Blueprint flavour text: Ed managed to put together this retro-modern holster blueprint using the parts we found, and some more modern gear.
- Dodge City is an administrative name for Ford County, Kansas. It is famous for being a ""wild west"" town in the past.
- Its seal features the Texas Longhorn Steer, a species of cattle that were brought to the town from Texas. In fact, the town was unintentionally created by a
rancher of these cattle."
,,,"Dodge City
Gunslinger's Holster",,,,,,,,,,
,,,,,Dragon's Glare,"While in combat, applies burn to the enemy closest to you within 20m.

Cooldown: 35s",">+1<
Skill tier","Status Effects
5% - 10%","Hazard Protection
5% - 10%",----,,"- Cleaners Bosses

-- Target loot
-- Exotic Caches","""Symbols are important. Look at the phoenix you wear on your sleeve. The dragon bears a similar significance to me."" 
- Faye Lau

- SPOILERS AHEAD
- The Lau (or Liu) family was the ruling family of the Han Dynasty in ancient China. The ancient Chinese were deeply superstitious and the founder of the Han 
Dynasty, Liu Bang, claimed that he was conceived after his mother dreamt of a dragon. This was a clever move considering that in ancient China,  dragons were a 
symbol of imperial power and represented the Emperor. 
- The dragon bears a significance to Faye because just like the Han rebellion in ancient China, she believes that she will wipe out The Division take control."
,,,Imperial Dynasty,,,,,,,,,,
,,,,,Defibrillator,"While ""Shocker Punch"" is equipped, the stun received by the agent from the Shock status effect will be reduced by 50%.

Using a shield will give 100% to melee damage.

Using St. Elmo's Engine with the holster will give 100% extra melee damage and will make the next melee attack apply shock to the target. 

Using all three items will offer all of the above mentioned bonuses and the Shock from the melee attack will have a 5m radius, starting from the first target. 

15 second cooldown.","Armour
16,594 - 170.000","Explosive Resist
1% - 10%","Hazard Protection
5% - 10%",----,,"- Year 5 Season 1 (TU18)

-- Target loot
-- Exotic Caches","""After getting sucker punched at the mall, I came up with a shocking solution."" Anonymous"
,,,Shocker Punch,,,,,,,,,,
,,,,,Alternating Current,"Generate a stack of 3% skill damage on one of your skills every second, capping at 10 stacks. After 10 seconds at the cap the stacks transfer to your other skill. The process then repeats ad-infinitum",">+1<
Skill tier",Skill Damage,Skill Haste,----,,"
- Season 4 track

-- Target loot
-- Exotic Caches","Graphite layers are suffused throughout the holster kevlar weave, that when the wearer moves creates an inductive oscillating electromagnetic field. This field allows for remote charging of electrical devices."
,,,Waveform,,,,,,,,,,
,,,,,Bob and Weave,Receive repairs of 5% of your Total Armor for every 1m run in cover-to-cover. Damage taken while doing a cover-to-cover is healed over 10s.,"Weapon damage
1.5% - 15%","Critical Hit Chance
1.2% - 6%","Critical Hit Damage
6% - 12%",----,,"- Year 7 Season 1 track

-- Target loot
-- Exotic Caches","""Run for your life."""
,,,Nimble Holster,,,,,,,,,,
Knees,,,,,Stand Your Ground,"Cannot be staggered by explosions.

Increases total weapon damage by 3% each second you are not moving.
Stacks up to 10 until you start moving.  All stacks lost 10s after moving.","Armour
16,594 - 170.000","Explosive Resist
1% - 10%","Health
8405 - 18935",----,,"- Hyena Bosses

-- Target loot
-- Exotic Caches","""When I lost my leg, I thought that was it for me. But I found new purpose. I rose, just like the phoenix on my patch. Now it's time for these to find new purpose.""

- Odessa Sawyer

- There is a deep irony in the fact that Odessa lost her leg to a sniper, causing her kneepads to become an exotic with a talent that greatly benefits players who 
use sniper rifles.
- Stand Your Ground does NOT cause players to ignore mortars in the Morozova fight."
,,,Sawyer's Kneepads,,,,,,,,,,
,,,Acosta Kneepads,,Escape Plan,"Vaulting grants +10% Movement Speed for 3s. 
After not moving for 5s, recieve +20% Movement Speed for 5s.
Being applied a Stutus Effect grants +10% Movement Speed for 5s.
Max Movement Speed bonus is 20%. The bonuses do not stack with Movement Speed bonuses from other sources.
-50% Movement Impairment penalty from Status Effects.","Armour
16,594 - 170.000",Any Basic Red Attribute,Any Basic Blue Attribute,----,,"- Year 6 Season 1 track

-- Target loot
-- Exotic Caches","""They got they asses caught by the JTF, but they don't have my mad parkour skills.""
- Eva Acosta"
,,,,,,,,,,,,,
,,,Blacklisters,,Ostracize,"Shooting an enemy applies a mark. Only one mark can be active at a time. The mark disappears after 15s, or when the marked enemy dies. Recieve 600% Amplified Damage from the marked enemy. Deal 20% Amplified Damage to unmarked enemies. If only one enemy remains in combat, the mark disappears and cannot be reapplied.","Weapon damage
1.5% - 15%","Critical Hit Chance
1.2% - 6%","Critical Hit Damage
6% - 12%",----,,"- Guaranteed reward for first completion of Y7S2 Climax mission on master difficulty
- Drop chance from boss of Y7S2 Climax mission on any difficulty (Difficulty affects droprate)""
",Screw that one guy in particular.
,,,,,,,,,,,,,
,,,Nurse's Kneepads,,Impervious,Both you and Allies within 10m of you receive +40% Hazard Protection.,"Weapon damage
1.5% - 15%","Critical Hit Chance
1.2% - 6%","Critical Hit Damage
6% - 12%",----,TU 28,,
,,,,,,,,,,,,,
,,,,,Parkour!,Performing a cover to cover or vaulting reloads your drawn weapon and grants +25% bonus arrmor for 5s.,"Weapon damage
1.5% - 15%","Critical Hit Chance
1.2% - 6%","Critical Hit Damage
6% - 12%",----,,"- DZ Airdrops 3%

-- Target loot
-- Exotic Caches","""Parkour! Parkour!"" 
- an over-enthusiastic NinjaBike messenger

- I've worked 2 messenger jobs so far and I haven't met one person who knows how to do parkour
- I haven't met anyone who wears kneepads, either.
- NinjaBike doesn't exist, but Ninjavan is a real company.
- The type of vault that players do in game is most likely a clunky version of a speed vault, modified due to carrying a heavy backpack."
,,,"NinjaBike 
Messenger Kneepads",,,,,,,,,,