Skill,Variant,Stat,Base Stats / Skill Tier 0,Skill Tier 1,Skill Tier 2,Skill Tier 3,Skill Tier 4,Skill Tier 5,Skill Tier 6,Overcharge Stats 🗲,Overcharge Effects🗲,Expertise Grades,Back to Top
,,Quick Links,Variants,,,,,,,,,,
,,▶ Smart Cover,Precision,Fortified,,,,Battle for Brooklyn,,,,,
,,▶ Sticky Bomb,Burn,EMP,Explosive,,,Warlords of New York,,,,,
,,▶ Trap,Shock,Repair ,Shrapnel ,,,Warlords of New York,,,,,
,,▶ Decoy,Holographic Distraction,,,,,Warlords of New York,,,,,
,,▶ Pulse,Scanner,Remote,Jammer,Achilles Pulse,Banshee ,Base Game,,,,,
,,▶ Turret,Assault,Incinerator,Sniper,Artillery ,,Base Game,,,,,
,,▶ Hive,Restorer,Stinger,Reviver,Booster,Artificer ,Base Game,,,,,
,,▶ Chem Launcher,Reinforcer,Firestarter,Riot Foam,Oxidizer,,Base Game,,,,,
,,▶ Firefly,Blinder,Burster,Demolisher,,,Base Game,,,,,
,,▶ Seeker Mine,Explosive,Airburst,Cluster,Mender ,,Base Game,,,,,
,,▶ Drone,Striker,Defender,Bombardier,Fixer,Tactician ,Base Game,,,,,
,,▶ Shield,Bulwark,Crusader,Deflector,Striker ,,Base Game,,,,,
Smart Cover,Precision,Radius,6m,+10% Radius,+20% Radius,+30% Radius,+40% Radius,+50% Radius,+60% Radius,+100% Radius,,"Per Grade Level : 
+1% Duration",
,,Cooldown,45s,-,-,-,-,-,-,-,,,
,,Duration,24s,-,-,-,-,-,-,-,,,
,,Weapon Handling,15%,+25% Weapon Handling,+35% Weapon Handling,+45% Weapon Handling,+55% Weapon Handling,+65% Weapon Handling,+75% Weapon Handling,+100% Weapon Handling,,,
,,Damage to targets out of cover,10%,+7% Damage to targets out of cover,+9% Damage to targets out of cover,+12% Damage to targets out of cover,+16% Damage to targets out of cover,+21% Damage to targets out of cover,+27% Damage to targets out of cover,+35% Damage to targets out of cover,,,
,,Health,"663,623",+70% Health,+140% Health,+210% Health,+280% Health,+350% Health,+420% Health,+420%Health,,,
,Fortified,Radius,6m,+10% Radius,+20% Radius,+30% Radius,+40% Radius,+50% Radius,+60% Radius,+100% Radius,,"Per Grade Level : 
+1% Bonus Armor",
,,Cooldown,45s,-,-,-,-,-,-,-,,,
,,Duration,36s,-,-,-,-,-,-,-,,,
,,Bonus Armor,50%,+10% Bonus Armor,+20% Bonus Armor,+30% Bonus Armor,+40% Bonus Armor,+50% Bonus Armor,+60% Bonus Armor,+100% Bonus Armor,,,
,,Explosive Resistance,5%,+10% Explosive Resistance,+15% Explosive Resistance,+20% Explosive Resistance,+25% Explosive Resistance,+35% Explosive Resistance,+40% Explosive Resistance,+60% Explosive Resistance,,,
,,Pulse Resistance,5%,+5% Pulse Resistance,+10% Pulse Resistance,+15% Pulse Resistance,+25% Pulse Resistance,+35% Pulse Resistance,+45% Pulse Resistance,+45% Pulse Resistance,,,
,,Health,"663,623",+70% Health,+140% Health,+210% Health,+280% Health,+350% Health,+420% Health,+420%Health,,,
Sticky Bomb,Burn,Cooldown,60s,‎+15% Skill Haste,‎+30% Skill Haste,‎+45% Skill Haste,‎+60% Skill Haste,‎+75% Skill Haste,‎+90% Skill Haste,‎+500% Skill Haste,,"Per Grade Level : 
+1% Burn Damage",
,,Damage,"995,434",-,-,-,-,-,-,-,,,
,,Duration (flare),10s,-,-,-,-,-,-,-,,,
,,Burn damage,"79,794",‎+10% Burn Damage,‎+20% Burn Damage,‎+30% Burn Damage,‎+40% Burn Damage,‎+50% Burn Damage,‎+60% Burn Damage,‎+100% Burn Damage,,,
,,Burn duration ,4.5s,‎+35% Burn Duration,‎+40% Burn Duration,‎+60% Burn Duration,‎+80% Burn Duration,‎+100% Burn Duration,‎+120% Burn Duration,‎+200% Burn Duration,,,
,,PvP Damage,"218,995",-,-,-,-,-,-,-,,,
,EMP,Cooldown,30s,-,-,-,-,-,-,-,,"Per Grade Level : 
+1% EMP Blast Radius",
,,Duration (Flare),8s,‎+10% Duration,‎+20% Duration,‎+30% Duration,‎+40% Duration,‎+50% Duration,‎+60% Duration,‎+100% Duration,,,
,,Disrupt Duration ,??,-,-,-,-,-,-,-,,,
,,"EMP
Blast Radius",4m,"‎+10% EMP 
Blast Radius","‎+20% EMP 
Blast Radius","‎+30% EMP 
Blast Radius","‎+40% EMP 
Blast Radius","‎+50% EMP 
Blast Radius","‎+60% EMP 
Blast Radius","‎+150% EMP 
Blast Radius",,,
,Explosive,Cooldown,60s,‎+15% Skill Haste,‎+30% Skill Haste,‎+45% Skill Haste,‎+60% Skill Haste,‎+75% Skill Haste,‎+90% Skill Haste,‎+500% Skill Haste,,"Per Grade Level : 
+1% Damage",
,,Damage,"1,327,245",‎+10% Damage,‎+20% Damage,‎+30% Damage,‎+40% Damage,‎+50% Damage,‎+60% Damage,‎+80% Damage,,,
,,Blast Radius,3m,‎+20% Blast Radius,‎+30% Blast Radius,‎+40% Blast Radius,‎+50% Blast Radius,‎+60% Blast Radius,‎+70% Blast Radius,‎+200% Blast Radius,,,
,,Duration,10s,-,-,-,-,-,-,-,,,
,,PvP Damage,"291,993",-,-,-,-,-,-,-,,,
Trap,Shock,Cooldown,60s,-,-,-,-,-,-,-,,"Per Grade Level : 
+1% Shock Duration",
,,Traps,6,+2 Traps,+2 Traps,+4 Traps,+6 Traps,+8 Traps,+10 Traps,+12 Traps,,,
,,Shock Radius,2.5m,+10% Shock Radius,+20% Shock Radius,+30% Shock Radius,+40% Shock Radius,+50% Shock Radius,+60% Shock Radius,+70% Shock Radius,,,
,,Shock Duration,3s,+10% Shock Duration,+20% Shock Duration,+30% Shock Duration,+40% Shock Duration,+50% Shock Duration,+60% Shock Duration,+200% Shock Duration,,,
,,Duration,60s,-,-,-,-,-,-,-,,,
,,PvP Shock Effect Duration,1.5s,-,-,-,-,-,-,-,,,
,Healing,Cooldown,40s,-,-,-,-,-,-,-,"Immunizing Serum
Traps also provide status effect immunity for 10s","Per Grade Level : 
+1% Repair",
,,Repair,"165,906",+20% Repair,+40% Repair,+60% Repair,+80% Repair,+100% Repair,+120% Repair,+140% Repair,,,
,,Traps,2,+1 Traps,+2 Traps,+3 Traps,+4 Traps,+5 Traps,+6 Traps,+6 Traps,,,
,,Repair Radius,0.75m,-,-,-,-,-,-,-,,,
,,Duration,60s,-,-,-,-,-,-,-,,,
,,PvP Repair,"82,952",-,-,-,-,-,-,-,,,
,Shrapnel,Cooldown,60s,-,-,-,-,-,-,-,,"Per Grade Level : 
+1% Damage",
,,Damage,"663,623",‎+10% Damage,‎+20% Damage,‎+30% Damage,‎+40% Damage,‎+50% Damage,‎+60% Damage,‎+100% Damage,,,
,,Traps,9,+1 Traps,+2 Traps,+3 Traps,+4 Traps,+5 Traps,+6 Traps,+6 Traps,,,
,,Explosion Radius,2m,-,-,-,-,-,-,-,,,
,,Duration,60s,-,-,-,-,-,-,-,,,
,,Pvp Damage,"6,636",-,-,-,-,-,-,-,,,
Decoy,Holographic Distraction,Cooldown,25s,-,-,-,-,-,-,‎+200% Skill Haste,,"Per Grade Level : 
+1% Threat",
,,Duration,15s,+15% Duration,+30% Duration,+45% Duration,+60% Duration,+75% Duration,+90% Duration,+90% Duration,,,
,,Health,"929,072",+50% Health,+100% Health,+150% Health,+200% Health,+250% Health,+300% Health,+600%Health,,,
,,Threat,100%,+15% Threat,+30% Threat,+45% Threat,+60% Threat,+75% Threat,+90% Threat,+250% Threat,,,
Pulse,Scanner,Cooldown,20s,-,-,-,-,-,-,-,"Weakness Exploit
You and your allies damage is amplified by 15% to pulsed targets","Per Grade Level : 
+1% Duration",
,,Duration,8s,+15% Effect Duration,+30% Effect Duration,+45% Effect Duration,+60% Effect Duration,+75% Effect Duration,+90% Effect Duration,+200% Effect Duration,,,
,,Effect Radius,100m,-,-,-,-,-,-,-,,,
,,Conflict Cooldown,120s,-,-,-,-,-,-,-,,,
,Remote,Cooldown,20s,-,-,-,-,-,-,-,"Weakness Exploit
You and your allies damage is amplified by 15% to pulsed targets","Per Grade Level : 
+1% Radius",
,,Duration,45s,+15% Duration,+30% Duration,+45% Duration,+60% Duration,+75% Duration,+90% Duration,+120% Duration,,,
,,Effect Radius,15m,+15% Radius,+30% Radius,+45% Radius,+60% Radius,+75% Radius,+90% Radius,+120% Radius,,,
,Jammer (EMP),Cooldown,30s,-,-,-,-,-,-,-,,"Per Grade Level : 
+1% Radius",
,,EMP Effect Duration,3s,+10% Effect Duration,+20% Effect Duration,+30% Effect Duration,+40% Effect Duration,+50% Effect Duration,+60% Effect Duration,+100% Effect Duration,,,
,,Radius,20m,+10% Radius,+20% Radius,+30% Radius,+40% Radius,+50% Radius,+60% Radius,+150% Radius,,,
,,Charging Time,2s,-,-,-,-,-,-,-,,,
,Achilles,Number of Zones,1,-,-,+1 Zone,+1 Zone,+1 Zone,+2 Zones,+5 Zones,,"Per Grade Level : 
+1% Damage",
,,Zone Health,"398,174",+10% Zone Health,+20% Zone Health,+30% Zone Health,+40% Zone Health,+50% Zone Health,+60% Zone Health,+100% Zone Health,,,
,,Zone Duration,10s,+10% Duration,+20% Duration,+30% Duration,+40% Duration,+50% Duration,+60% Duration,+100% Duration,,,
,,Cooldown,40s,+10% Skill Haste,+20% Skill Haste,+30% Skill Haste,+40% Skill Haste,+50% Skill Haste,+60% Skill Haste,+100% Skill Haste,,,
,Banshee ,Cooldown,30s,-,-,-,-,-,-,‎+100% Charge Speed,"Weakness Exploit
You and your allies damage is amplified by 15% to pulsed targets","Per Grade Level : 
+1% Disorient Duration",
,,Duration,10s,-,-,-,-,-,-,-,,,
,,Disorient Duration,4s,‎+10% Disorient Duration,‎+20% Disorient Duration,‎+30% Disorient Duration,‎+40% Disorient Duration,‎+50% Disorient Duration,‎+60% Disorient Duration,‎+100% Disorient Duration,,,
,,Radius,30m,-,-,-,-,-,-,-,,,
,,Cone Angle,20,‎+10% Cone Size,‎+20% Cone Size,‎+20% Cone Size,‎+40% Cone Size,‎+50% Cone Size,‎+60% Cone Size,‎+150% Cone Size,,,
Turret,Assault,Cooldown,25s,-,-,-,-,-,-,-,,"Per Grade Level : 
+1% Damage",
,,Duration,180s,-,-,-,-,-,-,-,,,
,,Health,"1,061,796",+70% Health,+140% Health,+210% Health,+280% Health,+350% Health,+420% Health,+560%Health,,,
,,Damage,"26,545",‎+20% Damage,‎+40% Damage,‎+60% Damage,‎+80% Damage,‎+100% Damage,‎+120% Damage,‎+175% Damage,,,
,,PvP Damage,"6,636",-,-,-,-,-,-,-,,,
,Incinerator,Cooldown,30s,-,-,-,-,-,-,-,,"Per Grade Level : 
+1% Damage",
,,Duration,15s,+10% Duration,+20% Duration,+30% Duration,+40% Duration,+50% Duration,+60% Duration,+100% Duration,,,
,,Health,"1,061,796",+70% Health,+140% Health,+210% Health,+280% Health,+350% Health,+420% Health,+560%Health,,,
,,Damage,"13,272",‎+10% Damage,‎+20% Damage,‎+30% Damage,‎+40% Damage,‎+50% Damage,‎+60% Damage,‎+60% Damage,,,
,,Range,15m,-,-,-,-,-,-,-,,,
,,Burn Damage,"53,090",‎+10% Burn Strength,‎+20% Burn Strength,‎+30% Burn Strength,‎+40% Burn Strength,‎+50% Burn Strength,‎+60% Burn Strength,‎+60% Burn Strength,,,
,,Burn Duration,4s,,,,,,,,,,
,,PvP Damage,"10,617",-,-,-,-,-,-,-,,,
,,PvP Damage,"8,494",-,-,-,-,-,-,-,,,
,,,,‎+5% Cone Angle,‎+10% Cone Angle,‎+15% Cone Angle,‎+20% Cone Angle,‎+25% Cone Angle,‎+30% Cone Angle,‎+200% Cone Angle,,,
,Sniper,Cooldown,20s,,,,,,,,,"Per Grade Level : 
+1% Damage",
,,Duration,300s,-,-,-,-,-,-,-,,,
,,Health,"1,061,796",+70% Health,+140% Health,+210% Health,+280% Health,+350% Health,+420% Health,+560%Health,,,
,,Damage,"729,985",‎+15% Damage,‎+30% Damage,‎+45% Damage,‎+60% Damage,‎+75% Damage,‎+90% Damage,‎+90% Damage,,,
,,Ammo,3,+2 Extra Sniper Ammo,+4 Extra Sniper Ammo,+6 Extra Sniper Ammo,+8 Extra Sniper Ammo,+10 Extra Sniper Ammo,+12 Extra Sniper Ammo,+15 Extra Sniper Ammo,,,
,,PvP Damage,"233,595",-,-,-,-,-,-,-,,,
,,,,-,-,-,-,-,-,+100% Rate of fire,,,
,Artillery ,Cooldown,20,-,-,-,-,-,-,-,,"Per Grade Level : 
+1% Damage",
,,Duration,300,-,-,-,-,-,-,-,,,
,,Health,"1,061,796",+70% Health,+140% Health,+210% Health,+280% Health,+350% Health,+420% Health,+560%Health,,,
,,Damage,"729,985",‎+15% Damage,‎+30% Damage,‎+45% Damage,‎+60% Damage,‎+75% Damage,‎+90% Damage,‎+137.5% Damage,,,
,,Ammo,3,+1 Extra Mortar Ammo,+2 Extra Mortar Ammo,+3 Extra Mortar Ammo,+4 Extra Mortar Ammo,+5 Extra Mortar Ammo,+6 Extra Mortar Ammo,+10 Extra Mortar Ammo,,,
,,Blast Radius,4.5m,+8% Mortar Blast Radius,+16% Mortar Blast Radius,+24% Mortar Blast Radius,+32% Mortar Blast Radius,+40% Mortar Blast Radius,+50% Mortar Blast Radius,+75% Mortar Blast Radius,,,
,,Bleed Damage,"29,863",-,-,-,-,-,-,-,,,
,,Bleed Duration,7,-,-,-,-,-,-,-,,,
,,PvP Damage,"182,496",-,-,-,-,-,-,-,,,
,,PvP Bleed Damage,"7,465",-,-,-,-,-,-,-,,,
Hive,Restorer,Refill Speed,11s,-,-,-,-,-,-,‎+150% Skill Haste,,"Per Grade Level : 
+1% Duration",
,,Charges,8,+4 Repair Charges,+8 Repair Charges,+12 Repair Charges,+16 Repair Charges,+20 Repair Charges,+24 Repair Charges,+24 Repair Charges,,,
,,Range,8m,+10% Range,+20% Range,+30% Range,+40% Range,+50% Range,+60% Range,+200% Range,,,
,,Duration,180s,-,-,-,-,-,-,-,,,
,,Health,"796,347",+70% Health,+140% Health,+210% Health,+280% Health,+350% Health,+420% Health,+420%Health,,,
,,Healing,"59,726",+20% Healing,+40% Healing,+60% Healing,+80% Healing,+100% Healing,+120% Healing,+140% Healing,,,
,,PvP Healing,"36,432",-,-,-,-,-,-,-,,,
,,,,+10% Drone Speed,+20% Drone Speed,+30% Drone Speed,+40% Drone Speed,+50% Drone Speed,+60% Drone Speed,+80% Drone Speed,,,
,Stinger,Refill Speed,10s,-,-,-,-,-,-,‎+300% Skill Haste,,"Per Grade Level : 
+1% Damage",
,,Charges,8,+1 Stinger Charges,+2 Stinger Charges,+3 Stinger Charges,+4 Stinger Charges,+5 Stinger Charges,+6 Stinger Charges,+6 Stinger Charges,,,
,,Range,8m,+5% Range,+10% Range,+15% Range,+20% Range,+25% Range,+30% Range,+100% Range,,,
,,Duration,180s,-,-,-,-,-,-,-,,,
,,Health,"796,347",+70% Health,+140% Health,+210% Health,+280% Health,+350% Health,+420% Health,+420%Health,,,
,,Damage,"265,449",‎+20% Damage,‎+40% Damage,‎+60% Damage,‎+80% Damage,‎+100% Damage,‎+120% Damage,‎+200% Damage,,,
,,Bleed Damage,"29,863",-,-,-,-,-,-,-,,,
,,Bleed Duration,7s,-,-,-,-,-,-,-,,,
,,PvP Damage,"63,707",-,-,-,-,-,-,-,,,
,,PvP Bleed Damage,"7,465",-,-,-,-,-,-,-,,,
,,,,+5% Drone Speed,+10% Drone Speed,+15% Drone Speed,+20% Drone Speed,+25% Drone Speed,+30% Drone Speed,+80% Drone Speed,,,
,Reviver,Refill Speed,180s,-,-,-,-,-,-,‎+1000% Skill Haste,,"Per Grade Level : 
+1% Range",
,,Charges,1,+1 Charges,+2 Charges,+3 Charges,+4 Charges,+5 Charges,+6 Charges,+6 Charges,,,
,,Range,8m,+5% Range,+10% Range,+15% Range,+20% Range,+25% Range,+30% Range,+100% Range,,,
,,Duration,180s,-,-,-,-,-,-,-,,,
,,Health,"796,347",+70% Health,+140% Health,+210% Health,+280% Health,+350% Health,+420% Health,+420%Health,,,
,,Revive Armor,25%,+10% Reviver Armor Repair,+20% Reviver Armor Repair,+30% Reviver Armor Repair,+40% Reviver Armor Repair,+50% Reviver Armor Repair,+60% Reviver Armor Repair,+75% Reviver Armor Repair,,,
,,,,+5% Drone Speed,+10% Drone Speed,+15% Drone Speed,+20% Drone Speed,+25% Drone Speed,+30% Drone Speed,+80% Drone Speed,,,
,Booster,Refill Speed,11.3s,-,-,-,-,-,-,‎+150% Skill Haste,,"Per Grade Level : 
+1% Stim Efficiency",
,,Charges,8,+4 Stim Charges,+8 Stim Charges,+12 Stim Charges,+16 Stim Charges,+20 Stim Charges,+24 Stim Charges,+24 Stim Charges,,,
,,Range,8m,+5% Range,+10% Range,+15% Range,+20% Range,+25% Range,+30% Range,+100% Range,,,
,,Duration,180s,-,-,-,-,-,-,-,,,
,,Health,"796,347",+70% Health,+140% Health,+210% Health,+280% Health,+350% Health,+420% Health,+420%Health,,,
,,Buff Amount,20%,+33% Stim Efficiency,+66% Stim Efficiency,+100% Stim Efficiency,+133% Stim Efficiency,+166% Stim Efficiency,+200% Stim Efficiency,+400% Stim Efficiency,,,
,,Buff Duration,5s,+20% Buff Duration,+30% Buff Duration,+40% Buff Duration,+60% Buff Duration,+80% Buff Duration,+100% Buff Duration,+110% Buff Duration,,,
,,,,+5% Drone Speed,+10% Drone Speed,+15% Drone Speed,+20% Drone Speed,+25% Drone Speed,+30% Drone Speed,+80% Drone Speed,,,
,Artificer ,Refill Speed,11.3s,-,-,-,-,-,-,‎+150% Skill Haste,,"Per Grade Level : 
+1% Tech Efficiency",
,,Charges,8,+4 Charges,+8 Charges,+12 Charges,+16 Charges,+20 Charges,+24 Charges,+24 Charges,,,
,,Range,8m,+10% Range,+20% Range,+30% Range,+40% Range,+50% Range,+60% Range,+200% Range,,,
,,Duration,180s,-,-,-,-,-,-,-,,,
,,Health,"796,347",+70% Health,+140% Health,+210% Health,+280% Health,+350% Health,+420% Health,+420%Health,,,
,,Buff Amount,10%,+100% Charge Efficiency,+200% Charge Efficiency,+300% Charge Efficiency,+400% Charge Efficiency,+500% Charge Efficiency,+600% Charge Efficiency,+700% Charge Efficiency,,,
,,Buff Duration,10s,-,-,-,-,-,-,-,,,
,,Skill Repair,10%,-,-,-,-,-,-,-,,,
,,Skill Refresh,3s,+2s Skill Refresh,+4s Skill Refresh,+6s Skill Refresh,+8s Skill Refresh,+10s Skill Refresh,+12s Skill Refresh,+22s Skill Refresh,,,
,,,,+10% Drone Speed,+20% Drone Speed,+30% Drone Speed,+40% Drone Speed,+50% Drone Speed,+60% Drone Speed,+80% Drone Speed,,,
Chem Launcher,Reinforcer,Ammo,2,+1 Ammo,+2 Ammo,+3 Ammo,+4 Ammo,+5 Ammo,+6 Ammo,+6 Ammo,,"Per Grade Level : 
+1% Duration",
,,Ammo Cooldown,30s,-,-,-,-,-,-,-,,,
,,Cloud Radius,3m,+10% Radius,+20% Radius,+30% Radius,+40% Radius,+50% Radius,+60% Radius,+150% Radius,,,
,,Cloud Duration,5s,-,-,-,-,-,-,+100% Duration,,,
,,Ally Repair,"199,087",+20% Heal,+40% Heal,+60% Heal,+80% Heal,+100% Heal,+120% Heal,+140% Heal,,,
,,Repair Over Time,"39,817",,,,,,,,,,
,,PvP Ally Repair,"99,543",,,,,,,,,,
,,PvP Repair Over Time,"19,908",,,,,,,,,,
,Firestarter,Ammo,1,+1 Ammo,+2 Ammo,+3 Ammo,+4 Ammo,+5 Ammo,+6 Ammo,+6 Ammo,,"Per Grade Level : 
+1% Damage",
,,Ammo Cooldown,30s,-,-,-,-,-,-,-,,,
,,Cloud Radius,3.00m,+5% Radius,+10% Radius,+15% Radius,+20% Radius,+25% Radius,+30% Radius,+135% Radius,,,
,,Cloud Duration,20s,-,-,-,-,-,-,-,,,
,,Damage,"265,449",-,-,-,-,-,-,-,,,
,,Burn Damage,"79,635",‎+10% Burn Damage,‎+20% Burn Damage,‎+30% Burn Damage,‎+40% Burn Damage,‎+50% Burn Damage,‎+60% Burn Damage,‎+60% Burn Damage,,,
,,Burn Duration,4s,‎+10% Burn Duration,‎+20% Burn Duration,‎+30% Burn Duration,‎+40% Burn Duration,‎+50% Burn Duration,‎+60% Burn Duration,‎+100% Burn Duration,,,
,,PVP Damage,"106,179",-,-,-,-,-,-,-,,,
,,PVP Burn Damage,"12,741",-,-,-,-,-,-,-,,,
,Riot Foam,Ammo,1,+1 Ammo,+2 Ammo,+3 Ammo,+4 Ammo,+5 Ammo,+6 Ammo,+6 Ammo,,"Per Grade Level : 
+1% Ensnare Health",
,,Ammo Cooldown,30s,-,-,-,-,-,-,-,,,
,,Cloud Radius,3m,+5% Radius,+10% Radius,+15% Radius,+20% Radius,+25% Radius,+30% Radius,+135% Radius,,,
,,Ensnare Duration,6s,+10% Ensnare Duration,+20% Ensnare Duration,+30% Ensnare Duration,+40% Ensnare Duration,+50% Ensnare Duration,+60% Ensnare Duration,+100% Ensnare Duration,,,
,,Foam Health,"452,470",+50% Ensnare Health,+100% Ensnare Health,+150% Ensnare Health,+200% Ensnare Health,+250% Ensnare Health,+300% Ensnare Health,+500% Ensnare Health,,,
,,PvP Ensnare Duration,2,-,-,-,-,-,-,-,,,
,Oxidizer,Ammo,1,+1 Ammo,+2 Ammo,+3 Ammo,+4 Ammo,+5 Ammo,+6 Ammo,+6 Ammo,,"Per Grade Level : 
+1% Damage",
,,Ammo Cooldown,25s,-,-,-,-,-,-,-,,,
,,Cloud Radius,3.5m,+2% Radius,+4% Radius,+6% Radius,+8% Radius,+10% Radius,+12% Radius,+100% Radius,,,
,,Cloud Duration,5s,‎+20% Duration,‎+40% Duration,‎+60% Duration,‎+80% Duration,‎+100% Duration,‎+120% Duration,‎+150% Duration,,,
,,Cloud Damage,"53,090",‎+10% Damage,‎+20% Damage,‎+30% Damage,‎+40% Damage,‎+50% Damage,‎+60% Damage,‎+80% Damage,,,
,,PvP Damage,"18,581",-,-,-,-,-,-,-,,,
Firefly,Blinder,Cooldown,50s,-,-,-,-,-,-,-,,"Per Grade Level : 
+1% Blind Effect Duration",
,,Max Targets,3,+1 Max Targets,+2 Max Targets,+3 Max Targets,+4 Max Targets,+5 Max Targets,+6 Max Targets,+10 Max Targets,,,
,,Health,"663,623",-,-,-,-,-,-,-,,,
,,Speed,1,+35% Speed,+70% Speed,+105% Speed,+140% Speed,+175% Speed,+210% Speed,+250% Speed,,,
,,Blind Duration,5s,+10% Blind Effect Duration,+20% Blind Effect Duration,+30% Blind Effect Duration,+40% Blind Effect Duration,+50% Blind Effect Duration,+60% Blind Effect Duration,+100% Blind Effect Duration,,,
,,PvP Blind Duration,2s,-,-,-,-,-,-,-,,,
,Burster,Cooldown,30s,-,-,-,-,-,-,-,,"Per Grade Level : 
+1% Damage",
,,Max Targets,3,+1 Max Targets,+2 Max Targets,+3 Max Targets,+4 Max Targets,+5 Max Targets,+6 Max Targets,+10 Max Targets,,,
,,Health,"663,623",-,-,-,-,-,-,-,,,
,,Speed,1,+35% Speed,+70% Speed,+105% Speed,+140% Speed,+175% Speed,+210% Speed,+250% Speed,,,
,,Damage,"663,623",‎+15% Damage,‎+30% Damage,‎+45% Damage,‎+60% Damage,‎+75% Damage,‎+90% Damage,‎+137.5% Damage,,,
,Demolisher,Cooldown,50s,,,,,,,,,"Per Grade Level : 
+1% Damage",
,,Max Targets,3,+1 Max Targets,+2 Max Targets,+3 Max Targets,+4 Max Targets,+5 Max Targets,+6 Max Targets,+10 Max Targets,,,
,,Health,"663,623",-,-,-,-,-,-,-,,,
,,Speed,1,+35% Speed,+70% Speed,+105% Speed,+140% Speed,+175% Speed,+210% Speed,+250% Speed,,,
,,Damage,"1,659,056",‎+35% Damage,‎+70% Damage,‎+105% Damage,‎+140% Damage,‎+175% Damage,‎+210% Damage,‎+300% Damage,,,
,,PvP Damage,"3,318,112",-,-,-,-,-,-,-,,,
Seeker,Explosive,Cooldown,35s,-,-,-,-,-,-,-,,"Per Grade Level : 
+1% Damage",
,,Health,"199,087",-,-,-,-,-,-,-,,,
,,Damage,"1,061,796",+10% Damage,+20% Damage,+30% Damage,+40% Damage,+50% Damage,+60% Damage,+80% Damage,,,
,,Blast Radius,4m,+5% Radius,+10% Radius,+15% Radius,+20% Radius,+25% Radius,+30% Radius,+200% Radius,,,
,,Bleed Damage,"29,863",-,-,-,-,-,-,-,,,
,,Bleed Duration,7s,-,-,-,-,-,-,-,,,
,,PvP Damage,"191,123",-,-,-,-,-,-,-,,,
,,PvP Bleed Damage,"7,465",-,-,-,-,-,-,-,,,
,Airburst,Cooldown,30s,-,-,-,-,-,-,-,,"Per Grade Level : 
+1% Damage",
,,Health,"199,087",-,-,-,-,-,-,-,,,
,,Damage,"331,811",+10% Damage,+20% Damage,+30% Damage,+40% Damage,+50% Damage,+60% Damage,+60% Damage,,,
,,Burn Damage,"79,635",‎+10% Burn Damage,‎+20% Burn Damage,‎+30% Burn Damage,‎+40% Burn Damage,‎+50% Burn Damage,‎+60% Burn Damage,‎+60% Burn Damage,,,
,,Burn Duration,4s,‎+50% Burn Duration,‎+100% Burn Duration,‎+150% Burn Duration,‎+200% Burn Duration,‎+250% Burn Duration,‎+300% Burn Duration,‎+400% Burn Duration,,,
,,PvP Damage,"132,724",-,-,-,-,-,-,-,,,
,,PvP Burn Damage,"11,945",-,-,-,-,-,-,-,,,
,,Radius,6m,-,-,-,-,-,-,-,,,
,Cluster,Cooldown,50s,-,-,-,-,-,-,-,,"Per Grade Level : 
+1% Damage",
,,Health,"199,087",-,-,-,-,-,-,-,,,
,,Damage,"729,985",+10% Damage,+20% Damage,+30% Damage,+40% Damage,+50% Damage,+60% Damage,+80% Damage,,,
,,Number of Mines,3,+1 Cluster Mines,+2 Cluster Mines,+3 Cluster Mines,+4 Cluster Mines,+5 Cluster Mines,+6 Cluster Mines,+8 Cluster Mines,,,
,,Blast Radius,2m,-,-,-,-,-,-,-,,,
,,PvP Damage,"131,397",-,-,-,-,-,-,-,,,
,Mender ,Duration,25s,-,-,-,-,-,-,-,,"Per Grade Level : 
+1% Healing",
,,Duration,180s,-,-,-,-,-,-,-,,,
,,Healing,17918 HP/s,+20% Healing,+40% Healing,+60% Healing,+80% Healing,+100% Healing,+120% Healing,+160% Healing,,,
,,Radius,3m,+5% Radius,+10% Radius,+15% Radius,+20% Radius,+25% Radius,+30% Radius,+150% Radius,,,
,,Cloud Duration,8s,-,-,-,-,-,-,-,,,
,,Health,"199,087",-,-,-,-,-,-,-,,,
,,PvP Healing,"8,958",-,-,-,-,-,-,-,,,
Drone,Striker,Cooldown,25s,-,-,-,-,-,-,-,,"Per Grade Level : 
+1% Striker Damage",
,,Health,"530,898",+70% Health,+140% Health,+210% Health,+280% Health,+350% Health,+420% Health,+420% Health,,,
,,Duration,180s,-,-,-,-,-,-,-,,,
,,Damage,"16,591",+20% Striker Damage,+40% Striker Damage,+60% Striker Damage,+80% Striker Damage,+100% Striker Damage,+120% Striker Damage,+175% Striker Damage,,,
,,PvP Damage,"3,318",-,-,-,-,-,-,-,,,
,Defender,Cooldown,20s,-,-,-,-,-,-,-,,"Per Grade Level : 
+1% Damage Reduction",
,,Health,"1,061,796",+70% Health,+140% Health,+210% Health,+280% Health,+350% Health,+420% Health,+560%Health,,,
,,Duration,20,-,-,-,-,-,-,-,,,
,,Damage Reduction,20%,+5% Damage  Reduction,+10% Damage Reduction,+15% Damage Reduction,+20% Damage Reduction,+25% Damage Reduction,"+30% Damage 
Reduction","+60% Damage 
Reduction",,,
,,PvP Damge Reduction,10%,-,-,-,-,-,-,-,,,
,Bombardier,Cooldown,25s,-,-,-,-,-,-,-,,"Per Grade Level : 
+1% Blast Damage",
,,Health,"1,061,796",+70% Health,+140% Health,+210% Health,+280% Health,+350% Health,+420% Health,+420%Health,,,
,,Explosion Damage,"564,079",+10% Blast Damage,+20% Blast Damage,+30% Blast Damage,+40% Blast Damage,+50% Blast Damage,+60% Blast Damage,+60% Blast Damage,,,
,,Number of Bombs,3,+1 Extra Bombs,+2 Extra Bombs,+3 Extra Bombs,+4 Extra Bombs,+5 Extra Bombs,+6 Extra Bombs,+6 Extra Bombs,,,
,,Blast Radius,4.5m,-,-,-,-,-,-,+5 Blast Radius,,,
,,PvP Damage,"152,301",-,-,-,-,-,-,-,,,
,Fixer,Cooldown,25s,-,-,-,-,-,-,-,,"Per Grade Level : 
+1% Duration",
,,Health,"1,061,796",+70% Health,+140% Health,+210% Health,+280% Health,+350% Health,+420% Health,+500%Health,,,
,,Duration,180s,-,-,-,-,-,-,-,,,
,,Healing,"17,918",+20% Armor Repair,+40% Armor Repair,+60% Armor Repair,+80% Armor Repair,+100% Armor Repair,+120% Armor Repair,+175% Armor Repair,,,
,,PvP Healing,"8,958",-,-,-,-,-,-,-,,,
,Tactician ,Cooldown,20s,-,-,-,-,-,-,-,"Weakness Exploit
You and your allies damage is amplified by 15% to pulsed targets","Per Grade Level : 
+1% Scan Range",
,,Health,"1,061,796",+70% Health,+140% Health,+210% Health,+280% Health,+350% Health,+420% Health,+560%Health,,,
,,Duration,300s,-,-,-,-,-,-,-,,,
,,Scan Range,50m,+5m Scan Range,+10m Scan Range,+15m Scan Range,+20m Scan Range,+25m Scan Range,+30m Scan Range,+40m Scan Range,,,
Shield ,Bulwark,Cooldown,20s,-,-,-,-,-,-,-,"Shield Wall
Your shield is invulnerable.","Per Grade Level : 
+1% Active Regeneration",
,,Health,"2,654,490",+67% Shield Health,+133% Shield Health,+200% Shield Health,+266% Shield Health,+333% Shield Health,+400% Shield Health,+400% Shield Health,,,
,,"Active
Regeneration","79,635 HP/s",+20% Active Regeneration,+40% Active Regeneration,+60% Active Regeneration,+80% Active Regeneration,+100% Active Regeneration,+120% Active Regeneration,+500% Active Regeneration,,,
,,"Holstered
Regeneration","132,725 HP/s",+5% Holstered Regeneration,+10% Holstered Regeneration,+15% Holstered Regeneration,+20% Holstered Regeneration,+25% Holstered Regeneration,+40% Holstered Regeneration,+40% Holstered Regeneration,,,
,,"PvP Damage 
Taken Modifier",8x,-,-,-,-,-,-,-,,,
,Crusader,Cooldown,20s,-,-,-,-,-,-,-,"Shield Wall
Your shield is invulnerable.","Per Grade Level : 
+1% Active Regeneration",
,,Health,"1,327,245",+40% Shield Health,+66% Shield Health,+100% Shield Health,+150% Shield Health,+200% Shield Health,+250% Shield Health,+250% Shield Health,,,
,,"Active 
Regeneration","39,817",+10% Active Regeneration,+20% Active Regeneration,+30% Active Regeneration,+40% Active Regeneration,+50% Active Regeneration,+60% Active Regeneration,+500% Active Regeneration,,,
,,"Holstered 
Regeneration","66,362",+5% Holstered Regeneration,+10% Holstered Regeneration,+15% Holstered Regeneration,+20% Holstered Regeneration,+25% Holstered Regeneration,+40% Holstered Regeneration,+40% Holstered Regeneration,,,
,,"PvP Damge 
Taken Modifier",8x,-,-,-,-,-,-,-,,,
,Deflector,Cooldown,20s,-,-,-,-,-,-,-,"Shield Wall
Your shield is invulnerable.","Per Grade Level : 
+1% Active Regeneration",
,,Health,"2,123,592",+40% Shield Health,+66% Shield Health,+100% Shield Health,+150% Shield Health,+200% Shield Health,+250% Shield Health,+250% Shield Health,,,
,,"Active
Regeneration","63,708",+10% Active Regeneration,+20% Active Regeneration,+30% Active Regeneration,+40% Active Regeneration,+50% Active Regeneration,+60% Active Regeneration,+60% Active Regeneration,,,
,,"Holstered
Regeneration","106,180",+5% Holstered Regeneration,+10% Holstered Regeneration,+15% Holstered Regeneration,+20% Holstered Regeneration,+25% Holstered Regeneration,+40% Holstered Regeneration,+40% Holstered Regeneration,,,
,,Average Damage,"80,465",+10% Deflector Damage,+20% Deflector Damage,+30% Deflector Damage,+40% Deflector Damage,+50% Deflector Damage,+60% Deflector Damage,+100% Deflector Damage,,,
,,"PvP Damage 
Taken Modifier",8x,-,-,-,-,-,-,-,,,
,Striker,"Damage bonus
(per enemy)",5%,+1.0 Buff strength,+1.2 Buff strength,+1.4 Buff strength,+1.6 Buff strength,+1.8 Buff strength,+2.0 Buff strength,+2.5 Buff strength,"Shield Wall
Your shield is invulnerable.","Per Grade Level : 
+1% Regeneration",
,,Buff Angle,45,-,-,-,-,-,-,-,,,
,,Buff Range,10m,-,-,-,-,-,-,-,,,
,,Cooldown,20s,-,-,-,-,-,-,-,,,
,,Health,"1,327,245",+40% Shield Health,+66% Shield Health,+100% Shield Health,+150% Shield Health,+200% Shield Health,+250% Shield Health,+400% Shield Health,,,
,,"Holstered
Regeneration","66,362",+5% Holstered Regeneration,+10% Holstered Regeneration,+15% Holstered Regeneration,+20% Holstered Regeneration,+25% Holstered Regeneration,+40% Holstered Regeneration,+100% Holstered Regeneration,,,
,,"Active
Regeneration","39,817",+10% Active Regeneration,+20% Active Regeneration,+30% Active Regeneration,+40% Active Regeneration,+50% Active Regeneration,+60% Active Regeneration,+60% Active Regeneration,,,
,,"PvP Damage
Taken Modifier",8x,-,-,-,-,-,-,-,,,
,,,,,,,,,,,,,
,,,,,,,,,,,,,
,,,,,,,,,,,,,
,,,,,,,,,,,,,
,,,,,,,,,,,,,
,,,,,,,,,,,,,
,,,,,,,,,,,,,
,,,,,,,,,,,,,
,,,,,,,,,,,,,
,,,,,,,,,,,,,
,,,,,,,,,,,,,
,,,,,,,,,,,,,
,,,,,,,,,,,,,
,,,,,,,,,,,,,
,,,,,,,,,,,,,
,,,,,,,,,,,,,
,,,,,,,,,,,,,
,,,,,,,,,,,,,
,,,,,,,,,,,,,
,,,,,,,,,,,,,
,,,,,,,,,,,,,
,,,,,,,,,,,,,
,,,,,,,,,,,,,
,,,,,,,,,,,,,
,,,,,,,,,,,,,
,,,,,,,,,,,,,
,,,,,,,,,,,,,
,,,,,,,,,,,,,
,,,,,,,,,,,,,
,,,,,,,,,,,,,
,,,,,,,,,,,,,
,,,,,,,,,,,,,
,,,,,,,,,,,,,
,,,,,,,,,,,,,
,,,,,,,,,,,,,
,,,,,,,,,,,,,
,,,,,,,,,,,,,
,,,,,,,,,,,,,
,,,,,,,,,,,,,
,,,,,,,,,,,,,
,,,,,,,,,,,,,
,,,,,,,,,,,,,
,,,,,,,,,,,,,
,,,,,,,,,,,,,
,,,,,,,,,,,,,
,,,,,,,,,,,,,
,,,,,,,,,,,,,
,,,,,,,,,,,,,
,,,,,,,,,,,,,
,,,,,,,,,,,,,
,,,,,,,,,,,,,
,,,,,,,,,,,,,
,,,,,,,,,,,,,
,,,,,,,,,,,,,
,,,,,,,,,,,,,
,,,,,,,,,,,,,
,,,,,,,,,,,,,
,,,,,,,,,,,,,
,,,,,,,,,,,,,
,,,,,,,,,,,,,
,,,,,,,,,,,,,
,,,,,,,,,,,,,
,,,,,,,,,,,,,
,,,,,,,,,,,,,
,,,,,,,,,,,,,
,,,,,,,,,,,,,
,,,,,,,,,,,,,
,,,,,,,,,,,,,
,,,,,,,,,,,,,
,,,,,,,,,,,,,
,,,,,,,,,,,,,
,,,,,,,,,,,,,
,,,,,,,,,,,,,
,,,,,,,,,,,,,
,,,,,,,,,,,,,
,,,,,,,,,,,,,
,,,,,,,,,,,,,
,,,,,,,,,,,,,
,,,,,,,,,,,,,
,,,,,,,,,,,,,
,,,,,,,,,,,,,
,,,,,,,,,,,,,
,,,,,,,,,,,,,
,,,,,,,,,,,,,
,,,,,,,,,,,,,
,,,,,,,,,,,,,
,,,,,,,,,,,,,
,,,,,,,,,,,,,
,,,,,,,,,,,,,
,,,,,,,,,,,,,
,,,,,,,,,,,,,
,,,,,,,,,,,,,
,,,,,,,,,,,,,
,,,,,,,,,,,,,
,,,,,,,,,,,,,
,,,,,,,,,,,,,
,,,,,,,,,,,,,
,,,,,,,,,,,,,
,,,,,,,,,,,,,
,,,,,,,,,,,,,
,,,,,,,,,,,,,
,,,,,,,,,,,,,
,,,,,,,,,,,,,
,,,,,,,,,,,,,
,,,,,,,,,,,,,
,,,,,,,,,,,,,
,,,,,,,,,,,,,
,,,,,,,,,,,,,
,,,,,,,,,,,,,
,,,,,,,,,,,,,
,,,,,,,,,,,,,
,,,,,,,,,,,,,
,,,,,,,,,,,,,
,,,,,,,,,,,,,
,,,,,,,,,,,,,
,,,,,,,,,,,,,
,,,,,,,,,,,,,
,,,,,,,,,,,,,
,,,,,,,,,,,,,
,,,,,,,,,,,,,
,,,,,,,,,,,,,
,,,,,,,,,,,,,
,,,,,,,,,,,,,
,,,,,,,,,,,,,
,,,,,,,,,,,,,
,,,,,,,,,,,,,
,,,,,,,,,,,,,
Skill,Variant,Stat,Base Stats / Skill Tier 0,Skill Tier 1,Skill Tier 2,Skill Tier 3,Skill Tier 4,Skill Tier 5,Skill Tier 6,Overcharge Stats 🗲,,,
Decoy,Holographic Distraction,Cooldown,25s,-,-,-,-,-,-,‎+200% Skill Haste,,,
,,Duration,15s,+15% Duration,+30% Duration,+45% Duration,+60% Duration,+75% Duration,+90% Duration,+90% Duration,,,
,,Health,"929,072",+50% Health,+100% Health,+150% Health,+200% Health,+250% Health,+300% Health,+600%Health,,,
,,Threat,100%,+15% Threat,+30% Threat,+45% Threat,+60% Threat,+75% Threat,+90% Threat,+250% Threat,,,