 ,Variant,Weapon,RPM,Base Mag Size,Modded Mag Size,Empty Reload (secs),"Level 40
Damage "," DPS
(rps*dmg)","Sustain DPS
(dmg/time)",Total Mag,Modded Sustain DPS*,"Optimal
Range",Mod Slots**,HSD,Weapon,Fixed second attribute,Innate HSD (except specific weapons)
ASSAULT RIFLES,ACR,ACR,650,30,50,1.91,"58,896.5","638,045","377,604","1,766,895","451,288",31,4\,55,AR,21% Health Damage,55%
,,ACR-E,650,30,50,1.91,"58,896.5","638,045","377,604","1,766,895","451,288",31,4\,55,LMG,12% Damage to Target Out of Cover,65%
,AK-47,AK-M,600,30,50,2.30,"67,175.0","671,750","380,236","2,015,250","460,103",27,3!,55,SMG,21% Critical Hit Chance,50%
,,Military AK-M,600,30,50,2.30,"64,716.5","647,165","366,320","1,941,495","443,264",27,4\,55,Shotgun,12% Damage to Armor,45%
,,Black Market AK-M,600,30,50,2.30,"64,716.5","647,165","366,320","1,941,495","443,264",27,4\,55,Rifle ,17% Critical Hit Damage,60%
,,Black Market AK-M Replica,600,30,50,2.30,"64,716.5","647,165","366,320","1,941,495","443,264",27,4\,55,MMR,111% Headshot Damage,0% (already listed as 2nd core attribute)
,,First Sight (AK-M),600,30,50,2.80,"67,175.0","671,750","347,457","2,015,250","430,609",27,3!,85,Pistol,none,100%
,,Manic (Black Market AK-M),600,30,50,2.30,"64,716.5","647,165","366,320","1,941,495","443,264",27,4\,55,,,
,AUG,AUG A3-CQC,680,42,62,2.16,"57,218.0","648,471","409,684","2,403,156","464,907",26,4,55,,,
,,Invisible Hand,782,42,62,2.16,"57,218.0","745,741","446,475","2,403,156","512,867",26,4,55,* Includes -10% Reload Speed penalty from the large mag when applicable,,
,,The Bighorn,800,42,N/A,1.80,"57,218.0","762,907","485,486","2,403,156","485,486",40,N/A,55,This column exists to facilitate exotic damage comparisons,,
,Carbine 7,Carbine 7,790,30,50,2.02,"49,790.0","655,568","347,495","1,493,700","427,935",28,4\,55,,,
,,The Drill,790,30,50,2.02,"49,790.0","655,568","347,495","1,493,700","427,935",28,4\,55,,,
,F2000,F2000,850,30,50,2.40,"49,104.0","695,640","326,081","1,473,120","414,071",31,3#,55,** A sign next to the number represents the missing mod slot,,
,,F2000 Replica,850,30,50,2.40,"49,104.0","695,640","326,081","1,473,120","414,071",31,3#,55,    ! : Missing Muzzle,,
,,Shield Splinterer,850,30,50,2.40,"49,104.0","695,640","326,081","1,473,120","414,071",31,3#,55,   # : Missing Underbarrel,,
,,Agitator,850,30,50,2.40,"49,104.0","695,640","326,081","1,473,120","414,071",31,N/A,55,,,
,FAL,FAL,700,20,40,2.14,"57,646.0","672,537","299,127","1,152,920","414,081",35,4\,55,   $ : Missing Magazine,,
,,FAL SA-58,700,20,40,2.14,"57,646.0","672,537","299,127","1,152,920","414,081",35,4\,55,   & : Missing Optics,,
,,FAL SA-58 Para,700,20,40,2.14,"57,646.0","672,537","299,127","1,152,920","414,081",35,4\,55,   \ : Has long rail,,
,,FAL SA-58 Para Replica,700,20,40,2.14,"57,646.0","672,537","299,127","1,152,920","414,081",35,4\,55,,,
,,Goalie (FAL),700,20,40,2.14,"57,646.0","672,537","299,127","1,152,920","414,081",35,4\,55,,,
,,Strega (FAL),700,20,40,1.95,"57,646.0","672,537","314,637","1,152,920","428,709",35,N/A,55,,,
,Famas,FAMAS 2010,900,30,50,2.49,"45,272.5","679,088","302,489","1,358,175","388,716",26,4,55,,,
,,FAMAS 2010 Replica,900,30,50,2.49,"45,272.5","679,088","302,489","1,358,175","388,716",26,4,55,,,
,,Huntsman,900,30,50,2.49,"45,272.5","679,088","302,489","1,358,175","388,716",26,4,55,,,
,,Burn Out,900,30,50,2.49,"45,272.5","679,088","302,489","1,358,175","388,716",26,4,55,,,
,G36,Military G36,750,30,50,2.34,"52,564.0","657,050","332,684","1,576,920","414,543",35,4\,55,,,
,,G36 C,750,30,50,2.34,"52,564.0","657,050","332,684","1,576,920","414,543",35,4,55,,,
,,G36 Enhanced,750,30,50,2.34,"52,564.0","657,050","332,684","1,576,920","414,543",35,4\,55,,,
,,G36 Enhanced Replica,750,30,50,2.34,"52,564.0","657,050","332,684","1,576,920","414,543",35,4\,55,,,
,,Caretaker  (G36 Enhanced),750,30,50,2.34,"52,564.0","657,050","332,684","1,576,920","414,543",35,4\,55,,,
,,Born Great (Military G36),750,30,50,2.34,"52,564.0","657,050","332,684","1,576,920","414,543",35,4\,55,,,
,Honey Badger,Honey Badger,800,30,50,2.06,"51,271.0","683,613","356,875","1,538,130","441,231",28,3!,55,,,
,,Savage Wolverine,800,30,50,2.06,"51,271.0","683,613","356,875","1,538,130","441,231",28,3!,55,,,
,M4,Police M4,850,30,50,2.24,"46,917.5","664,665","323,001","1,407,525","406,606",31,4\,55,,,
,,Police M4 Replica,850,30,50,2.24,"46,917.5","664,665","323,001","1,407,525","406,606",31,4\,55,,,
,,Pyromaniac ,850,30,50,2.24,"46,917.5","664,665","323,001","1,407,525","406,606",31,4\,55,,,
,,Lexington,850,30,50,2.24,"48,699.5","689,910","335,269","1,460,985","422,049",31,4\,55,,,
,,St. Elmo's Engine,850,40,70,2.04,"46,917.5","664,665","385,872","3,284,225","470,440",31,N/A,55,,,
,MK16,Mk16,650,30,50,2.02,"59,221.0","641,561","370,964","1,776,630","446,251",31,4\,55,,,
,,SOCOM Mk16,650,30,50,2.02,"59,221.0","641,561","370,964","1,776,630","446,251",31,4\,55,,,
,,Tactical Mk 16,650,30,50,2.02,"59,221.0","641,561","370,964","1,776,630","446,251",31,4\,55,,,
,,Tactical Mk 16 Replica,650,30,50,2.02,"59,221.0","641,561","370,964","1,776,630","446,251",31,4\,55,,,
,,Lud (SOCOM Mk16),650,30,50,2.02,"59,221.0","641,561","370,964","1,776,630","446,251",31,4\,55,,,
,,Caduceus (MK16) (PTS),650,30,50,2.02,"59,221.0","641,561","370,964","1,776,630","446,251",31,4\,55,,,
,P416,Military P416,850,30,50,2.34,"47,364.5","670,997","318,763","1,420,935","403,486",26,4\,55,,,
,,Custom P416 G3,850,30,50,2.34,"47,364.5","670,997","318,763","1,420,935","403,486",26,4\,55,,,
,,Glory Daze (Custom P416 G3),850,30,50,2.34,"47,364.5","670,997","318,763","1,420,935","403,486",17,4\,55,,,
,,Eagle Bearer,850,30,60,2.13,"47,364.5","670,997","334,523","2,841,870","446,463",26,N/A,55,,,
,PDR,PDR,700,30,50,2.04,"57,617.5","672,204","374,835","1,728,525","455,423",31,3#,55,,,
,,Test Subject,700,30,50,2.04,"57,617.5","672,204","374,835","1,728,525","455,423",31,3#,55,,,
,,First Bloom,700,30,50,2.04,"57,617.5","672,204","374,835","1,728,525","455,423",31,3#,55,,,
,,Capacitor,700,30,41,1.85,"57,617.5","672,204","390,943","2,362,318","440,379",31,N/A,55,,,
,SIG 556,Sig Sauer 556,700,30,50,2.17,"55,934.5","652,569","353,909","1,678,035","433,217",28,4,55,,,
,,Mechanical Animal,700,30,50,2.17,"55,934.5","652,569","353,909","1,678,035","433,217",28,4,55,,,
,TKB-408,TKB-408,600,30,50,1.87,"63,508.5","635,085","391,223","1,905,255","462,216",27,4\,55,,,
,,Kingbreaker,600,30,50,1.87,"63,508.5","635,085","391,223","1,905,255","462,216",27,4\,55,,,
,CTAR-21,CTAR-21,900,30,50,2.39,"44,802.0","672,030","306,164","1,344,060","391,398",32,4,55,,,
,,The Railsplitter,900,30,50,2.39,"44,802.0","672,030","306,164","1,344,060","391,398",32,4,55,,,
,Vector,Chameleon,900,30,50,2.40,"44,670.5","670,058","304,572","1,340,115","389,568",20,N/A,50,,,
LIGHT MACHINE GUNS,KAC Stoner,Stoner LAMG,580,200,250,3.00,"62,361.0","602,823","526,483","12,472,200","540,164",40,4*,65,Muzzle mod is locked into +30% stability mod.,,
,,Quiet Roar,580,200,250,3.00,"62,361.0","602,823","526,483","12,472,200","540,164",40,4*,65,^,,
,,Bluescreen,720,200,N/A,2.22,"62,361.0","748,332","660,371","12,472,200","660,371",40,N/A,65,,,
,L86,Military L86 LSW,700,30,50,3.18,"61,096.5","712,793","318,685","1,832,895","409,181",30,4,65,,,
,,Custom L86 A2,700,30,50,3.18,"61,096.5","712,793","318,685","1,832,895","409,181",30,4\,65,,,
,,Custom L86 A2 Replica,700,30,50,3.18,"61,096.5","712,793","318,685","1,832,895","409,181",30,4\,65,,,
,,Tabula Rasa (Military L86 LSW),700,30,50,3.18,"61,096.5","712,793","318,685","1,832,895","409,181",30,4,65,,,
,HK GR9 ,HK GR9 ,750,200,250,3.63,"49,480.0","618,500","504,126","9,896,000","523,487",35,4,65,Optics mod is locked into +5% CHC mod,,
,,Dare,750,200,250,3.63,"49,480.0","618,500","504,126","9,896,000","523,487",35,4,65,^,,
,,Cricket,750,200,250,3.63,"49,480.0","618,500","504,126","9,896,000","523,487",35,4,65,^^,,
,M249,M249 B,850,100,150,4.54,"48,300.0","684,250","416,422","4,830,000","478,906",35,4\,65,,,
,,Tactical M249 Para,850,100,150,4.54,"48,300.0","684,250","416,422","4,830,000","478,906",35,4\,65,,,
,,Military MK46,850,100,150,4.54,"48,300.0","684,250","416,422","4,830,000","478,906",35,4\,65,,,
,,Military MK46 Replica,850,100,150,4.54,"48,300.0","684,250","416,422","4,830,000","478,906",35,4\,65,,,
,,Black Friday (M249 B),850,100,150,4.54,"48,300.0","684,250","416,422","4,830,000","478,906",35,4\,65,Fixed talent that is damage related,,
,,The Stinger (M249 B) ,850,100,150,4.54,"48,300.0","684,250","416,422","4,830,000","478,906",35,4\,65,,,
,,Gear Shift (Military MK46) ,850,100,150,4.54,"48,300.0","684,250","416,422","4,830,000","478,906",35,4\,65,,,
,,Pestilence (M249 B),935,100,N/A,4.54,"48,300.0","752,675","440,810","4,830,000","440,810",35,N/A,65,,,
,M60,Classic M60,600,100,150,3.75,"67,711.0","677,110","492,444","6,771,100","541,688",40,3!\,65,,,
,,Military M60 E4,600,100,150,3.85,"65,233.5","652,335","471,000","6,523,350","519,099",40,4\,65,,,
,,Black Market M60 E6,600,100,150,3.85,"65,233.5","652,335","471,000","6,523,350","519,099",40,4\,65,,,
,,Classic M60 Replica,600,100,150,3.75,"67,711.0","677,110","492,444","6,771,100","541,688",40,3!\,65,,,
,,Black Market M60 E6 Replica,600,100,150,3.85,"65,233.5","652,335","471,000","6,523,350","519,099",40,4\,65,,,
,,The Headline-grabber (Military M60 E4),600,100,150,3.85,"65,233.5","652,335","471,000","6,523,350","519,099",40,4\,65,Not yet released,,
,,Good Times (Black Market M60 E6),600,100,150,3.85,"65,234.0","652,340","471,004","6,523,400","519,103",40,4\,65,,,
,MG5,MG5,800,50,100,2.96,"54,322.0","724,293","404,784","2,716,100","519,331",35,3!,65,,,
,,Infantry MG5,800,50,100,3.01,"52,333.5","697,780","387,082","2,616,675","497,940",35,4,65,,,
,,Infantry MG5 Replica,800,50,100,3.01,"52,333.5","697,780","387,082","2,616,675","497,940",35,4,65,,,
,,Bellringer (Infantry MG5),800,50,100,3.01,"52,333.5","697,780","387,082","2,616,675","497,940",35,4,66,,,
,,Big Show (MG5),800,50,100,2.96,"54,322.0","724,293","404,784","2,716,100","519,331",35,3!,65,,,
,,Sleipner (MG5),800,50,100,2.96,"54,322.0","724,293","404,784","2,716,100","519,331",35,3!,65,,,
,,Iron Lung (MG5),800,50,85,2.96,"54,322.0","724,293","404,784","4,617,370","494,630",35,N/A,65,,,
,NEGEV,IWI NEGEV,750,100,150,4.00,"54,604.0","682,550","455,033","5,460,400","511,913",40,4\,65,,,
,,Carnage,750,100,150,4.00,"54,604.0","682,550","455,033","5,460,400","511,913",40,4\,65,,,
,,Bullet King,750,100*,N/A,4.76,"54,604.0","682,550","682,550",N/A,"682,550",40,N/A,65,"The mag size is internally still 100 for purposes of Ongoing Directive, mag size bonuses, etc.",,
,RPK,Classic RPK-74,600,40,60,4.00,"71,538.0","715,380","357,690","2,861,520","429,228",30,4/,65,,,
,,Military RPK-74,600,40,60,4.00,"71,538.0","715,380","357,690","2,861,520","429,228",30,4/,65,,,
,,Black Market RPK-74,600,40,60,4.00,"71,538.0","715,380","357,690","2,861,520","429,228",30,4/,65,,,
,,Black Market RPK-74 Replica,600,40,60,4.00,"71,538.0","715,380","357,690","2,861,520","429,228",30,4/,65,,,
,,Rusty (Classic RPK-74),600,40,60,4.00,"71,538.0","715,380","357,690","2,861,520","429,228",30,4/,65,,,
,,New Reliable (Black Market RPK-74),600,40,60,2.86,"71,538.0","715,380","417,131","2,861,520","484,456",30,4/,65,,,
,,Pakhan (Classic RPK),600,40,60,3.64,"71,538.0","715,380","374,545","4,292,280","715,380",30,N/A,65,,,
,Ameli,Big Alejandro,"1,100",200,N/A,4.03,"39,278.5","720,106","525,849","7,855,700","720,106",35,N/A,65,,,
SUBMACHINE GUNS,SMG-9,Converted SMG-9 A2,"1,000",32,52,2.30,"46,734.5","778,908","354,385","1,495,504","448,375",15,4,50,,,
,,Converted SMG-9,"1,000",32,52,2.26,"48,511.5","808,525","371,380","1,552,368","468,884",15,3#,50,,,
,,Converted SMG-9 Replica,"1,000",32,52,2.26,"48,511.5","808,525","371,380","1,552,368","468,884",15,3#,50,,,
,,Purist (Converted SMG-9 A2),"1,000",32,52,2.30,"46,734.5","778,908","354,385","1,495,504","448,375",15,4,50,,,
,MP5,MP5 ST,800,30,50,1.79,"53,903.5","718,713","400,274","1,617,105","486,494",21,4\,50,,,
,,MP5 ST Replica,800,30,50,1.79,"53,903.5","718,713","400,274","1,617,105","486,494",21,4\,50,,,
,,MP5A2,800,30,50,1.79,"53,903.5","718,713","400,274","1,617,105","486,494",21,4,50,,,
,,MP5-N,800,30,50,1.79,"53,903.5","718,713","400,274","1,617,105","486,494",21,4\,50,,,
,,Cabaret (MP5 ST),800,30,50,1.79,"53,903.5","718,713","400,274","1,617,105","486,494",21,4\,50,,,
,CMMG,CMMG Banshee,900,32,52,1.92,"47,848.5","717,728","377,751","1,531,152","461,904",21,4,50,,,
,,The Grudge,900,32,52,1.92,"47,848.5","717,728","377,751","1,531,152","461,904",21,4,50,,,
,,Lady Death,900,32,N/A,1.75,"35,409.0","531,135","291,782","1,133,088","291,782",21,N/A,50,,,
,PP-19,PP-19,700,53,N/A,1.46,"63,593.0","741,918","561,471","3,370,429","561,471",21,2$#,50,,,
,,Enhanced PP-19,700,53,N/A,1.46,"63,593.0","741,918","561,471","3,370,429","561,471",21,2$#,50,,,
,,Cold Relations (Enhanced PP-19),700,53,N/A,1.46,"63,593.0","741,918","561,471","3,370,429","561,471",21,2$#,50,,,
,AUG,AUG A3 Para XS,725,25,45,2.31,"58,661.5","708,826","334,905","1,466,538","437,472",22,4\,50,,,
,,Enhanced AUG A3P,725,25,45,2.31,"58,661.5","708,826","334,905","1,466,538","437,472",22,4\,50,,,
,,Tactical AUG A3P,725,25,45,2.31,"58,661.5","708,826","334,905","1,466,538","437,472",22,4,50,,,
,,Tactical AUG A3P Replica,725,25,45,2.31,"58,661.5","708,826","334,905","1,466,538","437,472",22,4,50,,,
,,Interchange (Enhanced AUG A3P),725,25,45,2.31,"58,661.5","708,826","334,905","1,466,538","437,472",22,4,50,,,
,Vector,Vector SBR .45 ACP,"1,200",25,45,2.06,"38,300.5","766,010","289,279","957,513","399,889",15,4\,50,,,
,,Vector SBR .45 ACP Replica,"1,200",25,45,2.06,"38,300.5","766,010","289,279","957,513","399,889",15,4\,50,,,
,,Vector SBR 9mm,"1,200",33,53,2.38,"39,306.5","786,130","321,865","1,297,115","414,164",15,4,50,,,
,,Tactical Vector SBR 9mm,"1,200",19,39,1.69,"40,505.5","810,110","291,517","769,605","433,988",15,4,50,,,
,,Froth (Tactical Vector SBR 9mm),"1,200",19,39,1.69,"40,505.5","810,110","291,517","769,605","433,988",15,4,50,,,
,,Dark Winter (Vector SBR .45 ACP),"1,200",25,45,2.06,"38,300.5","766,010","289,279","957,513","399,889",15,4\,50,,,
,,Ouroboros (Vector SBR .45 ACP),"1,403",50,N/A,1.65,"38,300.5","895,274","505,412","1,915,025","577,230",15,N/A,50,,,
,MP7,MP7,950,40,N/A,1.60,"46,405.5","734,754","449,849","1,856,220","449,849",21,3$,50,,,
,,Swap Chain,950,40,N/A,1.60,"46,405.5","734,754","449,849","1,856,220","449,849",21,2$!,50,,,
,,Oxpecker,950,40,50,1.60,"46,405.5","734,754","487,668","2,320,275","487,668",21,N/A,50,,,
,T821,Police T821,550,32,52,1.47,"76,916.0","705,063","496,141","2,461,312","559,959",20,4,50,,,
,,Black Market T821,550,32,52,1.47,"76,916.0","705,063","496,141","2,461,312","559,959",20,4,50,,,
,,Black Market T821 Replica,550,32,52,1.47,"76,916.0","705,063","496,141","2,461,312","559,959",20,4,50,,,
,UMP-45,Police UMP-45,650,25,45,1.67,"63,691.5","689,991","400,304","1,592,288","492,135",16,4\,50,,,
,,Tactical UMP-45,650,25,45,1.67,"63,691.5","689,991","400,304","1,592,288","492,135",16,4\,50,,,
,,Tactical UMP-45 Replica,650,25,45,1.67,"63,691.5","689,991","400,304","1,592,288","492,135",16,4\,50,,,
,,Slingshot (Tactical UMP-45),650,25,45,1.67,"63,691.5","689,991","400,304","1,592,288","492,135",60,4\,50,,,
,Thompson,M1928,600,30,50,1.46,"78,416.0","784,160","527,462","2,352,480","606,935",19,1$#!,50,,,
,,Tommy Gun,900,50,n/a,1.54,"50,627.0","759,405","519,429","2,531,350","519,429",19,0,50,,,
,,The Sleigher (Tommy Gun),250,50,n/a,2.30,"92,989.5","387,456","325,138","4,649,475","325,138",16,0,50,,,
,,Grown Great (Tommy Gun),900,50,n/a,1.54,"50,627.0","759,405","519,429","2,531,350","519,429",19,0,50,,,
,,Underboss (Tommy Gun) (PTS),,,,,,,,,,,,,,,
,P90,P90,"1,100",50,n/a,1.57,"39,457.0","723,378","459,094","1,972,850","459,094",21,2$#,50,,,
,,P90 Replica,"1,100",50,n/a,1.57,"39,457.0","723,378","459,094","1,972,850","459,094",21,2$#,50,,,
,,Emeline's Guard,"1,100",50,n/a,1.57,"39,457.0","723,378","459,094","1,972,850","459,094",21,2$#,50,,,
,,The Chatterbox,850,50,60,1.43,"39,457.0","558,974","397,799","2,367,420","417,881",21,n/a,50,,,
,MPX,MPX,850,30,50,2.09,"50,998.5","722,479","363,613","1,529,955","453,771",22,4,50,,,
,,Safety Distance,850,30,50,2.09,"50,998.5","722,479","363,613","1,529,955","453,771",22,4,50,,,
,,The Apartment,850,30,50,2.09,"50,998.5","772,338","363,613","1,593,000","453,771",22,4,50,,,
,,Backfire,850,30,50,2.09,"50,998.5","722,479","363,613","2,549,925","453,771",22,N/A,50,,,
SHOTGUNS,AA12,ACS-12,300,20,N/A,3.35,"180,748.0","903,740","491,831","3,614,960",N/A,16,2$!,45,,,
,,Stack Broker,360,20,N/A,3.35,"150,624.0","903,744","450,745","3,012,480",N/A,16,2$!,45,,,
,,Lefty,300,20,N/A,3.35,"180,748.0","903,740","491,831","3,614,960",N/A,16,3!*,45,"because of how the gun was created, it has the same mods as SIX12's",,
,,Rock n' Roll,300,30,N/A,3.35,"180,748.0","903,740","579,940","5,422,440",N/A,16,2$!,45,,,
,Double Barrel,Double Barrel Shotgun,200,2,N/A,3.89,"678,136.0","2,260,453","302,065","1,356,272",N/A,11,0$,45,,,
,,Double Barrel Shotgun Replica,200,2,N/A,3.89,"678,136.0","2,260,453","302,065","1,356,272",N/A,11,0,45,,,
,,Boomstick,200,2,N/A,3.89,"678,136.0","2,260,453","302,065","1,356,272",N/A,11,0,45,,,
,Sawed-Off,Sawed-Off Double Barrel,200,2,N/A,2.51,"635,712.0","2,119,040","408,818","1,271,424",N/A,7,0,45,,,
,,Firestarter,200,2,N/A,2.51,"635,712.0","2,119,040","408,818","1,271,424",N/A,7,0,45,,,
,,Backup Boomstick,200,2,N/A,2.51,"635,712.0","2,119,040","408,818","1,271,424",N/A,7,0,45,,,
,KSG,KSG Shotgun,70,12,N/A,7.99,"678,928.0","792,083","445,790","8,147,136",N/A,16,3,45,,,
,,The Send-Off,70,12,N/A,7.99,"678,928.0","792,083","445,790","8,147,136",N/A,32,3,45,,,
,,Overlord,70,12,N/A,6.94,"678,928.0","792,083","472,964","8,147,136",N/A,16,N/A,45,,,
,M870,Custom M870 MCS,75,5,N/A,3.35,"703,672.0","879,590","478,688","3,518,360",N/A,11,3!\,45,,,
,,Custom M870 MCS Replica,75,5,N/A,3.35,"703,672.0","879,590","478,688","3,518,360",N/A,11,3!\,45,,,
,,M870 Express,75,5,N/A,3.35,"703,672.0","879,590","478,688","3,518,360",N/A,11,3!\,45,,,
,,M870 Express Replica,75,5,N/A,3.35,"703,672.0","879,590","478,688","3,518,360",N/A,11,3!\,45,,,
,,Military M870,75,5,N/A,3.35,"703,672.0","879,590","478,688","3,518,360",N/A,11,3!\,45,,,
,,Lockdown (M870 Express),75,5,N/A,3.35,"703,672.0","879,590","478,688","3,518,360",N/A,11,3!\,45,,,
,,Cuélebre (Military M870),75,5,N/A,2.23,"703,672.0","879,590","564,745","3,518,360",N/A,11,3!\,45,,,
,SASG-12,Black Market SASG-12 S,180,7,N/A,3.05,"349,804.0","1,049,412","454,853","2,448,628",N/A,14,2$!,45,,,
,,Black Market SASG-12 S Replica,180,7,N/A,3.05,"349,804.0","1,049,412","454,853","2,448,628",N/A,14,2$!,45,,,
,,SASG-12,180,7,N/A,3.05,"349,804.0","1,049,412","454,853","2,448,628",N/A,14,2$!,45,,,
,,Tactical SASG-12 K,180,7,N/A,3.05,"349,804.0","1,049,412","454,853","2,448,628",N/A,14,2$!,45,,,
,,Tsunami (Tactical SASG-12 K),180,7,N/A,3.05,"349,804.0","1,049,412","454,853","2,448,628",N/A,14,2$!,45,,,
,SPAS-12,SPAS-12,70,8,N/A,5.50,"716,008.0","835,343","463,543","5,728,064",N/A,16,1#&!,45,,,
,,SPAS-12 Replica,70,8,N/A,5.50,"716,008.0","835,343","463,543","5,728,064",N/A,16,1#&!,45,,,
,,Thorn,70,8,N/A,5.50,"716,008.0","835,343","463,543","5,728,064",N/A,16,1#&!,45,,,
,,Lullaby,70,8,N/A,4.78,"716,008.0","835,343","492,223","5,728,064",N/A,13,N/A,25,,,
,,Sweet Dreams,70,8,N/A,4.78,"716,008.0","835,343","492,223","5,728,064",N/A,13,,25,,,
,Super 90,Marine Super 90,160,8,N/A,4.65,"389,936.0","1,039,829","407,776","3,119,488",N/A,11,3!,45,,,
,,Super 90,160,8,N/A,4.65,"389,936.0","1,039,829","407,776","3,119,488",N/A,11,3!,45,,,
,,Super 90 Replica,160,8,N/A,4.65,"389,936.0","1,039,829","407,776","3,119,488",N/A,11,3!,45,,,
,,Tactical Super 90 SBS,160,8,N/A,4.65,"389,936.0","1,039,829","407,776","3,119,488",N/A,11,3!,45,,,
,,Tactical Super 90 SBS Replica,160,8,N/A,4.65,"389,936.0","1,039,829","407,776","3,119,488",N/A,11,3!,45,,,
,,Like Glue (Super 90),160,8,N/A,4.65,"389,936.0","1,039,829","407,776","3,119,488",N/A,11,3!,45,,,
,,The Sheriff (Super 90),160,8,N/A,3.65,"526,412.0","1,403,765","633,278","4,211,296",N/A,100,N/A,55,,,
,,Enforcer (Super 90),160,8,N/A,4.65,"389,936.0","1,039,829","407,776","3,119,488",N/A,11,3!,45,,,
,Six12,Six12,130,7,N/A,3.00,"409,568.0","887,397","460,132","2,866,976",N/A,14,3!,45,,,
,,The Mop,130,7,N/A,3.00,"409,568.0","887,397","460,132","2,866,976",N/A,14,3!,45,,,
,,Scorpio,130,7,N/A,2.50,"409,568.0","887,397","500,278","2,866,976",N/A,14,N/A,45,,,
RIFLES,ACR,ACR SS,420,30,50,2.63,"101,828.0","712,796","441,724","3,054,840","520,974",45,4\,60,,,
,,Trader,420,30,50,2.63,"101,828.0","712,796","441,724","3,054,840","520,974",45,4\,60,,,
,AKM,Ruthless,400,30,N/A,1.74,"102,269.5","681,797","491,680","3,068,085","491,680",35,N/A,60,,,
,,Merciless,400,30,N/A,1.74,"102,269.5","681,797","491,680","3,068,085","491,680",35,N/A,60,,,
,AR15,UIC15 MOD2,240,30,50,1.73,"150,316.0","601,264","488,568","4,509,480","528,166",60,4\,60,,,
,M16,M16A2,400,30,50,2.44,"106,971.0","713,140","462,411","3,209,130","538,084",50,3#,60,,,
,,M16A2 Replica,400,30,50,2.44,"106,971.0","713,140","462,411","3,209,130","538,084",50,3#,60,,,
,,Whisper,400,30,50,2.44,"106,971.0","713,140","462,411","3,209,130","538,084",50,3#,60,,,
,M1A,Classic M1A,180,10,15,2.60,"231,346.0","694,038","389,909","2,313,460","456,604",60,3!\,60,,,
,,Socom M1A,320,10,15,2.32,"129,179.5","688,957","307,937","1,291,795","377,534",60,4\,60,,,
,,M1A CQB,320,10,15,2.32,"129,179.5","688,957","307,937","1,291,795","377,534",60,4\,60,,,
,,M1A CQB Replica,320,10,15,2.32,"129,179.5","688,957","307,937","1,291,795","377,534",60,4\,60,,,
,,Baker's Dozen (Classic M1A),180,13,18,2.86,"231,346.0","694,038","418,095","3,007,498","470,003",60,3!\,60,Reload was likely broken during one of the updates.,,
,,Stage Left (Socom M1A),320,10,15,2.32,"129,179.5","688,957","307,937","1,291,795","377,534",60,4\,60,,,
,,Cooler (M1A CQB),320,100,N/A,3.00,0.0,0,0,0,0,60,0,-100,"dien.aka.kim: you'll deal infinite damage at expertise 30, trust",,
,,Bittersweet (Classic M1A),180,10,20,2.60,"231,346.0","694,038","389,909","4,626,920","389,909",60,N/A,70,,,
,,Doctor Home (M1A CQB),320,10,N/A,1.93,"129,269.5","689,437","339,736","1,292,695","339,736",60,N/A,60,,,
,M4,Lightweight M4,360,30,50,2.03,"107,257.5","643,545","457,713","3,217,725","517,486",55,4\,60,,,
,,LVOA-C,380,30,50,2.08,"100,615.0","637,228","442,793","3,018,450","504,349",55,4\,60,,,
,,LVOA-C Replica,380,30,50,2.08,"100,615.0","637,228","442,793","3,018,450","504,349",55,4\,60,,,
,,Surge (LVOA-C),380,30,50,2.08,"100,615.0","637,228","442,793","3,018,450","504,349",55,4\,60,,,
,MDR,Urban MDR,380,20,40,2.85,"102,970.0","652,143","342,782","2,059,400","449,367",60,4\,60,,,
,,Urban MDR Replica,380,20,40,2.85,"102,970.0","652,143","342,782","2,059,400","449,367",60,4\,60,,,
,,Vindicator,380,25,N/A,2.97,"102,970.0","652,143","372,143","2,574,250","372,143",60,N/A,60,,,
,Scar,Military MK17,275,10,30,2.45,"145,850.0","668,479","314,887","1,458,500","486,412",55,4\,60,,,
,,Police MK17,275,10,30,2.45,"145,850.0","668,479","314,887","1,458,500","486,412",55,4\,60,,,
,,Police MK17 Replica,275,10,30,2.45,"145,850.0","668,479","314,887","1,458,500","486,412",55,4\,60,,,
,,Everlasting Gaze (Police MK17),275,10,30,2.45,"145,850.0","668,479","314,887","1,458,500","486,412",55,4\,60,,,
,SIG,SIG 716,320,20,40,2.68,"121,258.0","646,709","377,163","2,425,160","476,456",45,4\,60,,,
,,SIG 716 Replica,320,20,40,2.68,"121,258.0","646,709","377,163","2,425,160","476,456",45,4\,60,,,
,,SIG 716 CQB,320,20,40,2.63,"125,865.0","671,280","394,561","2,517,300","496,999",45,3!\,60,,,
,,Artist's Tool (SIG 716 CQB),320,20,40,2.63,"125,865.0","671,280","394,561","2,517,300","496,999",45,3!\,60,,,
,,The Ravenous,240,60,N/A,2.18,"134,360.0","537,440","469,243","8,061,600","469,243",50,N/A,60,,,
,UMP,USC .45 ACP,420,20,40,2.88,"97,742.5","684,198","340,736","1,954,850","454,919",55,3!\,60,,,
,,USC .45 ACP Replica,420,20,40,2.88,"97,742.5","684,198","340,736","1,954,850","454,919",55,3!\,60,,,
,,Achilles,420,20,40,2.88,"97,742.5","684,198","340,736","1,954,850","454,919",55,3!\,61,,,
,MK47,Resolute Mk47,300,30,50,1.94,"124,901.0","624,505","471,918","3,747,030","523,036",55,4\,60,,,
,,Harmony,300,30,50,1.94,"124,901.0","624,505","471,918","3,747,030","523,036",55,4\,60,,,
,1886,1886,100,8,N/A,3.46,"386,988.5","644,981","374,807","3,095,908","374,807",35,1&!#,60,,,
,,The Virginian,100,8,N/A,3.46,"386,988.5","644,981","374,807","3,095,908","374,807",35,1&!#,60,,,
,,Diamondback ,100,8,N/A,3.15,"386,988.5","644,981","389,422","3,095,908","389,422",35,N/A,60,,,
MARKSMAN RIFLES,SCAR,SOCOM Mk20 SSR,275,20,40,4.99,"145,850.0","668,479","311,857","2,917,000","425,303",55,4\,0,,,
,,SOCOM MK20 SSR Replica,275,20,40,4.99,"145,850.0","668,479","311,857","2,917,000","425,303",55,4\,0,,,
,,The Darkness,275,20,40,4.99,"145,850.0","668,479","311,857","2,917,000","425,303",55,4\,0,,,
,G28,G28,180,20,40,3.60,"206,425.0","619,275","402,127","4,128,500","487,618",50,4\,0,,,
,,Relic ,180,20,40,3.60,"206,425.0","619,275","402,127","4,128,500","487,618",50,4\,0,,,
,,Sacrum Imperium ,180,20,N/A,3.60,"206,425.0","619,275","402,127","4,128,500","402,127",50,N/A,0,,,
,M700,M700 Carbon,55,7,12,3.98,"412,516.0","378,140","248,581","2,887,612","289,978",50,4\,0,,,
,,M700 Carbon Replica,55,7,12,3.96,"412,516.0","378,140","249,010","2,887,612","290,318",50,4\,0,,,
,,M700 Tactical,55,7,12,3.98,"412,516.0","378,140","248,581","2,887,612","289,978",50,4,0,,,
,,Model 700,55,7,N/A,7.05,"441,569.5","404,772","210,466","3,090,987","210,466",50,3#,0,,,
,,Model 700 Replica,55,7,N/A,7.05,"441,569.5","404,772","210,466","3,090,987","210,466",50,3#,0,,,
,,Brutus (M700 Carbon),55,7,12,3.98,"412,516.0","378,140","248,581","2,887,612","289,978",50,4\,0,,,
,,Ekim's Long Stick (Model 700),55,7,N/A,7.05,"441,569.5","404,772","210,466","3,090,987","210,466",50,3#,0,,,
,,Shroud (M700 Carbon),55,7,N/A,3.32,"412,516.0","378,140","263,636","2,887,612","263,636",50,N/A,0,,,
,SVD,Paratrooper SVD,260,10,15,2.85,"156,662.5","678,871","303,745","1,566,625","372,324",50,4,0,,,
,,Surplus SVD,260,10,15,2.85,"156,662.5","678,871","303,745","1,566,625","372,324",50,4,0,,,
,,Commando (Paratrooper SVD),260,10,15,2.85,"156,662.5","678,871","303,745","1,566,625","372,324",50,4,0,,,
,,Handbasket (Surplus SVD),60,10,15,3.15,"386,988.5","386,989","294,288","3,869,885","319,825",50,4,0,,,
,,Dread Edict,260,10,N/A,2.48,"156,662.5","678,871","327,219","1,566,625","327,219",50,N/A,0,,,
,SRS,Covert SRS,60,7,12,4.29,"409,357.0","409,357","253,809","2,865,499","301,552",60,4,0,,,
,,SRS A1,60,7,12,4.29,"409,357.0","409,357","253,809","2,865,499","301,552",60,4\,0,,,
,,SRS A1 Replica,60,7,12,4.29,"409,357.0","409,357","253,809","2,865,499","301,552",60,4\,0,,,
,,Pinprick (Covert SRS),60,7,12,4.29,"409,357.0","409,357","253,809","2,865,499","301,552",60,4,0,,,
,,Mantis (Covert SRS),60,7,N/A,3.90,"409,357.0","409,357","262,890","2,865,499","262,890",60,N/A,0,,,
,M44,Classic M44 Carbine,55,5,N/A,4.29,"433,563.5","397,433","222,465","2,167,818","222,465",50,3!,0,,,
,,Classic M44 Carbine Replica,55,5,N/A,4.29,"433,563.5","397,433","222,465","2,167,818","222,465",50,3!,0,,,
,,Hunting M44,55,5,N/A,4.29,"428,664.0","392,942","219,951","2,143,320","219,951",50,4,0,,,
,,Custom M44,55,5,10,4.29,"417,692.0","382,884","214,321","2,088,460","274,814",50,4,0,,,
,,,55,5,10,4.29,"417,692.0","382,884","214,321","2,088,460","274,814",50,4,0,,,
,,Instigator (Custom M44),55,5,10,4.29,"417,692.0","382,884.3","214,320.9","2,088,460.0","274,813.8",50,4,0,,,
,,Oh Carol (Classic M44 Carbine),55,5,N/A,4.77,"433,563.5","397,433","212,021","2,167,818","212,021",50,1!#$,0,Slower reload because scope cannot be removed,,
,,The White Death (Classic M44 Carbine),55,5,N/A,4.29,"433,563.5","397,433","222,465","2,167,818","222,465",50,3!,0,,,
,DSR-1,SR-1,60,5,10,3.15,"409,357.0","409,357","251,139","2,046,785","311,298",50,4,0,,,
,,SR-1 Replica,60,5,10,3.15,"409,357.0","409,357","251,139","2,046,785","311,298",50,4,0,,,
,,Adrestia,60,5,10,3.15,"409,357.0","409,357","251,139","2,046,785","311,298",50,4,0,,,
,,Designated Hitter,60,5,10,3.15,"409,357.0","409,357","251,139","2,046,785","311,298",50,4,0,,,
,Tactical .308,Tactical .308,90,7,12,3.04,"403,809.5","605,714","366,782","2,826,667","438,923",50,4\,0,,,
,,Scalpel,90,7,12,3.04,"403,809.5","605,714","366,782","2,826,667","438,923",50,4\,0,,,
,Custom AWM,Nemesis,50,5,N/A,2.78,"940,240.0","783,533","535,444","4,701,200","535,444",60,N/A,0,,,
PISTOLS,93R,93R,700,20,31,1.71,"52,977.5","618,071","309,422","1,059,550","376,059",12,2&#,100,,,
,,Sharpshooter's 93R,700,20,31,1.56,"52,977.5","618,071","323,597","1,059,550","389,435",12,2&#,100,,,
,,Tempest,700,30,N/A,2.38,"62,714.0","731,663","380,282","1,881,420","380,282",12,N/A,100,,,
,Desert Eagle,D50,200,8,N/A,2.24,"189,171.5","630,572","326,158","1,513,372","326,158",18,1$#!,100,,,
,,Survivalist D50,200,8,N/A,2.24,"189,171.5","630,572","326,158","1,513,372","326,158",18,1$#!,100,,,
,,Liberty,230,8,N/A,1.95,"189,171.5","725,157","374,879","1,513,372","374,879",18,N/A,100,,,
,M1911,M1911,310,7,18,2.24,"129,884.5","671,070","252,916","909,192","408,451",12,1#!&,100,,,
,,M45A1,310,7,18,2.33,"117,435.5","606,750","223,089","822,049","363,585",12,4,100,,,
,,Tactical M1911,310,7,18,2.33,"117,435.5","606,750","223,089","822,049","363,585",12,4,100,,,
,,Tactical M1911 Replica,310,7,18,2.33,"117,435.5","606,750","223,089","822,049","363,585",12,4,100,,,
,,Quickstep (M45A1),310,7,18,2.33,"117,435.5","606,750","223,089","822,049","363,585",12,4,100,,,
,,Mozambique Special (M45A1),310,7,18,2.33,"117,435.5","606,750","223,089","822,049","363,585",12,4,100,,,
,Maxim,Maxim 9,280,17,28,1.39,"125,385.0","585,130","423,526","2,131,545","475,072",16,1#!&,100,,,
,M9,Military M9,350,15,26,1.90,"102,584.5","598,410","344,133","1,538,768","419,559",16,2#&,100,,,
,,Military M9 Replica,350,15,26,1.90,"102,584.5","598,410","344,133","1,538,768","419,559",16,2#&,100,,,
,,Officer's M9 A1,350,15,26,1.96,"95,697.5","558,235","316,779","1,435,463","387,733",16,4,100,,,
,,Mosquito (Military M9),350,15,N/A,1.65,"102,584.5","598,410","364,513","1,538,768","364,513",16,N/A,100,,,
,P320,P320 X Compact,380,17,28,1.77,"87,522.0","554,306","334,038","1,487,874","395,832",12,4,100,,,
,PF45,Custom PF45,370,10,21,1.77,"93,962.5","579,435","277,043","939,625","381,267",14,4,100,,,
,,First Wave PF45,370,10,21,1.74,"100,727.5","621,153","299,640","1,007,275","411,100",14,2!&,100,,,
,,Lightning Rod (Custom PF45),370,10,21,1.77,"93,962.5","579,435","277,043","939,625","381,267",14,4,100,,,
,,Busy Little Bee (Custom PF45),400,10,N/A,1.61,"93,962.5","626,417","302,130","939,625","302,130",18,N/A,100,,,
,Px4,Px4 Storm Type F,380,14,25,1.63,"91,692.0","580,716","334,248","1,283,688","411,000",12,3&,100,,,
,,Px4 Storm Type T,380,14,25,1.63,"91,692.0","580,716","334,248","1,283,688","411,000",12,3&,100,,,
,,Px4 Storm Type T Replica,380,14,25,1.63,"91,692.0","580,716","334,248","1,283,688","411,000",12,3&,100,,,
,Rhino,Diceros,180,6,N/A,2.00,"204,803.0","614,409","307,205","1,228,818","307,205",18,2&!,100,,,
,,Diceros Replica,180,6,N/A,2.00,"204,803.0","614,409","307,205","1,228,818","307,205",18,2&!,100,,,
,,Snubnosed Diceros,180,6,N/A,1.98,"211,295.0","633,885","318,535","1,267,770","318,535",18,1#!&,100,,,
,,Diceros Special (Diceros),180,6,N/A,1.93,"198,305.5","594,917","302,756","1,189,833","302,756",18,3!,100,,,
,,Whiplash (Diceros),180,6,N/A,1.93,"198,305.5","594,917","302,756","1,189,833","302,756",18,N/A,100,,,
,Magnum,586 Magnum,160,6,N/A,2.54,"233,278.0","622,075","292,206","1,399,668","292,206",16,2!#,100,,,
,,Police 686 Magnum,160,6,N/A,2.54,"233,278.0","622,075","292,206","1,399,668","292,206",16,2!#,100,,,
,,Police 686 Magnum Replica,160,6,N/A,2.54,"233,278.0","622,075","292,206","1,399,668","292,206",16,2!#,100,,,
,,Orbit (586 Magnum),160,6,N/A,2.54,"233,278.0","622,075","292,206","1,399,668","292,206",16,2!#,100,,,
,,Prophet (Police 686 Magnum),160,6,N/A,2.54,"233,278.0","622,075","292,206","1,399,668","292,206",16,2!#,100,,,
,,The Harvest (Police 686 Magnum),149,6,N/A,2.54,"256,610.0","637,248","310,659","1,539,660","310,659",16,2!#,100,,,
,,Regulus,160,6,N/A,2.31,"282,072.0","752,192","371,147","1,692,432","371,147",16,N/A,100,,,
,X-45,X-45,400,15,26,1.99,"88,321.0","588,807","312,456","1,324,815","389,872",16,3&,100,,,
,,X-45 Tactical,400,15,26,1.99,"88,321.0","588,807","312,456","1,324,815","389,872",16,3&,100,,,
,,X-45 Tactical Replica,400,15,26,1.99,"88,321.0","588,807","312,456","1,324,815","389,872",16,3&,100,,,
,Kriss Kard,Kard-45,310,10,21,1.71,"114,267.0","590,380","313,448","1,142,670","415,551",12,4,100,,,
,,"TDI ""Kard"" Custom",310,10,21,1.71,"114,267.0","590,380","313,448","1,142,670","415,551",12,4,100,,,