,ALL WEAPONS,Perfect Talent,Description,Multiplier Group,,
,Breadbasket,Perfect Breadbasket,"Landing body shots adds a stack of bonus +55% (70%) headshot damage to the next headshot for 10s.
Max stack is 3 (2).",Headshot Damage,,NOTE:
,Killer,Perfect Killer,Killing an enemy with a critical hit grants +70% (90%) critical hit damage for 10s.,Critical hit damage,,"Multipliers are additive with their group like normal, except Amps are never additive"
,Preservation,Perfect Preservation,Killing an enemy repairs 10% (15%) armor over 5s. Headshot kills improve the repair by an additional 10% (15%),Utility,,
,Optimist,Perfect Optimist,Weapon damage is increased by +3.5% (4.5%) for every 10% ammo missing from the magazine. ,Weapon Damage,,
,Strained,Perfect Strained,"Gain 10% critical hit damage for every 0.5s you are firing.
Stacks up to 5 (8) times.",Critical hit damage,,Text in this color is to signify PvP versions
,Close & Personal,Perfectly Close & Personal,Killing a target within 7m grants +30% (38%) weapon damage for 10s. ,Weapon Damage,,
,Fast Hands,Perfect Fast Hands,Critical hits add a stack of 3% (5%) reload speed bonus. Max stack is 40. ,Utility,,
,Sadist,Perfect Sadist,"Amplifies +30% (35%) weapon damage to bleeding enemies.
After 4 (3) kills, applies bleed to the next enemy you hit.",Amplifier,,
,Eyeless,Perfect Eyeless,"Amplifies +30% (35%) weapon damage to blinded enemies.
After 4 (3) kills, applies blind to the next enemy you hit. ",Amplifier,,
,Ignited,Perfect Ignited,"Amplifies +25% (30%) weapon damage to burning enemies. 
After 4 (3) kills, applies burning to the next enemy you hit. ",Amplifier,,
,Vindictive,Perfect Vindictive,Killing an enemy with a status effect applied grants you and all allies within 15m (20m) 16% (21%) Critical hit chance and 16% (21%) critical hit damage for 20s.,Critical Chance / Hit damage,,
,Ranger,Perfect Ranger,Amplifies weapon damage by 2% for every 4m (3m) you are away from your target.,Amplifier,,
,Steady Handed,Perfect Steady Handed,"Hits grant a stack of +1% Accuracy and Stability.
At 100 (75) stacks, consumes stacks to refill the magazine. ",Utility,,
,Spike,Perfect Spike,Headshots grant +20% (25%) skill damage for 15s. ,Skill damage,,
,Perpetuation,Perfect Perpetuation,Headshots grant +75% status effect damage and duration to the next status effect you apply. Cooldown: 20s (16s). ,Status Effect,,
,Reformation,Perfect Reformation,Headshots grant +60% (80%) skill repair for 15s. ,Skill Repair,,
,Future Perfect ,Future Perfection,"Weapon kills grant +1 skill tier for 15s (19s). Stacks up to 3 (4) times.
Weapon kills at skill tier 6 grant overcharge for 15s.
Overcharge Cooldown: 90s",Utility,,
,Flatline,Perfect Flatline,"Amplifies weapon damage by 15% (20%) to pulsed enemies. After 4 (3) kills, applies pulse to the next enemy you hit.",Amplifier,,
,Sledgehammer,Perfect Sledgehammer,"Dealing damage with a grenade applies a mark on target.
Targets with mark will take 15% (20%) more damage to armor from the agent that applied the mark and have a -20% (30%) movement speed.
Mark will disappear after 10 seconds. (As of TU 22.2 the marked targets take the Amp damage from all sources including other agents)",Amplifier but only vs Armor/ armor plates,,
,Thunder Strike,Perfect Thunder Strike,"Amplifies 30% (35%) extra damage to shocked targets. After 4 (3) kills, applies shock to the next enemy you hit. ",Amplifier,,
,In Sync,Perfectly In Sync,"Hitting an enemy grants +15% (20%) skill damage for 5s.
Using a skill or damaging an enemy with a skill grants +15% (20%) weapon damage for 5s.
Damage increases are doubled while both buffs are active at the same time.",Weapon Damage/ Skill damage,,
,Pressure Point,Perfect Pressure Point,Amplifies weapon damage by 15% (20%) to enemies under status effects.,Amplifier,,
,Streamline,Perfect Streamline,Increase Weapon Damage by 42% (47%)  (32%/37%) when no Skills are Deployed or on Cooldown.,Weapon Damage,,
,Immobilize,Perfect Immobilize,Amplifies weapon damage by 20% (25%) to ensared enemies. After 4 (3) kills applies Ensnare to the next enemy you hit.,Amplifier,,
,Soft Spot,Perfect Soft Spot,Destroying a Weakpoint grants 19% (24%) Weapon Damage for 15s.,Weapon Damage,,
,Head Scratcher,Perfect Head Scratcher,"Deal 30% (35%) Amplified Damage to confused enemies. After 4 kills, applies Confuse to the enemy you hit.",Amplifier,,
,RIFLES,,,,,
,Rifleman, Perfect Rifleman,"Landing headshots adds a stack of bonus +10% (11%) weapon damage for 5s. 
Max stack is 5 (6).
Additional headshots refresh the duration.",Weapon Damage,,
,Boomerang,Perfect Boomerang,"Critical hits have a 50% (75%) chance to return the bullet to the magazine.
If a bullet is returned to the magazine the next shot gains 40% (50%) increased damage.",Weapon Damage,,
,Lucky Shot,Perfect Lucky Shot,"Magazine capacity is increased by 20% (30%).
Missed shots from cover have a 100% chance to return to the magazine. ",Utility,,
,Determined,Perfectly Determined,After killing an enemy with a headshot the next shot landed on any enemy will be a guaranteed (critical) headshot. ,Utility,,
,Behind You,Perfectly Behind You,Amplifies weapon damage by +20% (25%) to enemies that are not targeting you.,Amplifier,,
,Precision Strike,Perfect Precision Strike,Killing enemies farther than 20m builds up stacks. Max stack is 3. Hittting an enemy within 20m will use all stacks to provide 20% amplified damage to enemies within 20m for 5s.,Amplifier,,
,Back and Forth,Perfect Back and Forth,Swapping to this weapon grants +10% (13%) Rate of Fire and +9% (+12%) Weapon Damage for 10s. Swapping from this weapon grants +5% Rate of Fire and +4.5% Weapon Damage for 10s. Receiving one of the bonuses will remove the previous one if it's still active. Two instances of this Talent will not function at the same time.,ROF / Weapon Damage,,
,ASSAULT RIFLES,,,,,
,Near Sighted,Perfect Near Sighted,Receive +80% (100%) stability at the cost of -35% optimal range.,Utility,,
,On Empty,Perfect On Empty,Reloading from empty grants +60% (80%) weapon handling for 10s. ,Utility,,
,Measured,Perfectly Measured,"The top half of the magazine has 25% rate of fire and -25% (-30%) weapon damage.
The bottom half of the magazine has -18% rate of fire and +30% (38%) total weapon damage. ","1) ROF / Weapon Damage
2) ROF / Total Weapon Damage",,
,Overflowing,Perfect Overflowing,Every 3 (2) reloads from empty increases your base magazine capacity by 100%. ,Utility,,
,Stabilize ,Perfect Stabilize ,"Firing your weapon increases Weapon Accuracy by 1% and Weapon Stability by 1% per shot up to 60%. If you stop firing, the bonuses reset after 4 seconds.",Utility,,
,Precision Strike,Perfect Precision Strike,Killing enemies farther than 20m builds up stacks. Max stack is 3. Hittting an enemy within 20m will use all stacks to provide 20% amplified damage to enemies within 20m for 5s.,Amplifier,,
,Back and Forth,Perfect Back and Forth,Swapping to this weapon grants +10% (13%) Rate of Fire and +9% (+12%) Weapon Damage for 10s. Swapping from this weapon grants +5% Rate of Fire and +4.5% Weapon Damage for 10s. Receiving one of the bonuses will remove the previous one if it's still active. Two instances of this Talent will not function at the same time.,ROF / Weapon Damage,,
,MARKSMAN RIFLES,,,,,
,Naked,Perfectly Naked,Hitting an enemy with no armor grants +50% headshot damage for 5s (8s). ,Head Shot Damage,,
,First Blood,Perfect First Blood,"If scoped, your first (2) shot fired(s) from out of combat or after fully reloading from empty deals headshot damage to any part of the body hit.
Requires a Scope with 8x magnification or higher. ",Utility,,
,Lucky Shot,Perfect Lucky Shot,"Magazine capacity is increased by 20% (30%).
Missed shots from cover have a 100% chance to return to the magazine. ",Utility,,
,Determined,Perfectly Determined,After killing an enemy with a headshot the next shot landed on any enemy will be a guaranteed (critical) headshot. ,Utility,,
,Behind You,Perfectly Behind You,Amplifies weapon damage by +20% (25%) to enemies that are not targeting you.,Amplifier,,
,Precision Strike,Perfect Precision Strike,Killing enemies farther than 20m builds up stacks. Max stack is 3. Hittting an enemy within 20m will use all stacks to provide 20% amplified damage to enemies within 20m for 5s.,Amplifier,,
,Back and Forth,Perfect Back and Forth,Swapping to this weapon grants +10% (13%) Rate of Fire and +9% (+12%) Weapon Damage for 10s. Swapping from this weapon grants +5% Rate of Fire and +4.5% Weapon Damage for 10s. Receiving one of the bonuses will remove the previous one if it's still active. Two instances of this Talent will not function at the same time.,ROF / Weapon Damage,,
,SUBMACHINE GUNS,,,,,
,Outsider,Perfect Outsider,"After killing an enemy, gain 100% (150%) optimal range and +100% (125%) accuracy for 10s. ",Utility,,
,Unwavering,Perfect Unwavering,"Swapping to this weapon grants +300% (400%) weapon handling for 5s.
Kills refresh the buff.
Swapping away disables this from all weapons for 5s. ",Utility,,
,Measured,Perfectly Measured,"The top half of the magazine has 25% rate of fire and -25% (30%) weapon damage.
The bottom half of the magazine has -18% rate of fire and +30% (38%) total weapon damage. ","1) ROF / Weapon Damage
2) ROF / Total Weapon Damage",,
,Stabilize ,Perfect Stabilize ,"Firing your weapon increases Weapon Accuracy by 1% and Weapon Stability by 1% per shot up to 60%. If you stop firing, the bonuses reset after 4 seconds.",Utility,,
,Back and Forth,Perfect Back and Forth,Swapping to this weapon grants +10% (13%) Rate of Fire and +9% (+12%) Weapon Damage for 10s. Swapping from this weapon grants +5% Rate of Fire and +4.5% Weapon Damage for 10s. Receiving one of the bonuses will remove the previous one if it's still active. Two instances of this Talent will not function at the same time.,ROF / Weapon Damage,,
,LIGHT MACHINE GUNS,,,,,
,Unhinged,Perfect Unhinged,Grants +18% (22%) weapon damage at the cost of -25% Stability and -25% Accuracy. ,Weapon Damage,,
,Frenzy,Perfect Frenzy,"For every 10 (8) bullets in the magazine capacity, gain +3% rate of fire and +3% weapon damage for 9s when reloading from empty.",ROF / Weapon Damage,,
,Measured,Perfect Measured,"The top half of the magazine has 25% rate of fire and -25% (30%) weapon damage.
The bottom half of the magazine has -18% rate of fire and +30% (38%) total weapon damage. ","1) ROF / Weapon Damage
2) ROF / Total Weapon Damage",,
,Overwhelm,Perfect Overwhelm,"Suppressing an enemy, that is not currently suppressed, grants +10% (12%) weapon damage for 12 seconds.
Max stack is 4. ",Weapon Damage,,
,Precision Strike,Perfect Precision Strike,Killing enemies farther than 20m builds up stacks. Max stack is 3. Hittting an enemy within 20m will use all stacks to provide 20% amplified damage to enemies within 20m for 5s.,Amplifier,,
,Stabilize ,Perfect Stabilize ,"Firing your weapon increases Weapon Accuracy by 1% and Weapon Stability by 1% per shot up to 60%. If you stop firing, the bonuses reset after 4 seconds.",Utility,,
,Back and Forth,Perfect Back and Forth,Swapping to this weapon grants +10% (13%) Rate of Fire and +9% (+12%) Weapon Damage for 10s. Swapping from this weapon grants +5% Rate of Fire and +4.5% Weapon Damage for 10s. Receiving one of the bonuses will remove the previous one if it's still active. Two instances of this Talent will not function at the same time.,ROF / Weapon Damage,,
,SHOTGUNS,,,,,
,Pummel,Perfect Pummel,3 (2) consecutive kills refills the magazine and grants +40% weapon damage for 10s. ,Weapon Damage,,
,Pumped Up,Perfect Pumped Up,Reloading grants +1.2% (6%) weapon damage for 10s. Stacks up to 25 (5) times. ,Weapon Damage,,
,Brazen,Perfect Brazen,"Receive +3.5% (2%/3%) Amplified Damage on the next shot with the weapon for each pellet that hits the target, if at least 6 (4) pellets hit.","Amplifier, stacks additively
1 + 0.035 * n, n is from 6 (4) to 8",,
,Back and Forth,Perfect Back and Forth,Swapping to this weapon grants +10% (13%) Rate of Fire and +9% (+12%) Weapon Damage for 10s. Swapping from this weapon grants +5% Rate of Fire and +4.5% Weapon Damage for 10s. Receiving one of the bonuses will remove the previous one if it's still active. Two instances of this Talent will not function at the same time.,ROF / Weapon Damage,,
,PISTOLS,,,,,
,Salvage,Perfect Salvage,Killing a target has a +70% (85%) chance to refill the magazine. ,Utility,,
,Finisher,Perfect Finisher,Swapping from this weapon within 10s of killing an enemy grants 30% (35%) critical hit chance and 30% (40%) critical hit damage for 15s. ,Critical Chance / Hit damage,,
,Lucky Shot,Perfect Lucky Shot,"Magazine capacity is increased by 20% (30%).
Missed shots from cover have a 100% chance to return to the magazine. ",Utility,,
,Determined,Perfectly Determined,After killing an enemy with a headshot the next shot landed on any enemy will be a guaranteed (critical) headshot. ,Utility,,