Type,Slot,Mod,Bonus,Penalty,"Source (Main Pool blueprints can be obtained from CP3s/CP4s, Weekly Projects or Inaya, the blueprint vendor)"
,,Acog Scope (4x), +50% Optimal Range,,from perks
OPTICS RAIL,,552 Holo Sight,"+30% Accuracy
No zoom",,Judiciary Square side mission: Police Headquarters (talk to Odessa Sawyer in Story)
,,C79 Scope (3.4x),"+5% Critical Hit Chance
Optional zoom",,Constitution Hall side mission: Missing Scavengers (talk to NPCs in open world hidden safe zone)
,Optics,CQBSS Scope (8x),"+30% Headshot Damage
Forced zoom",,East Mall side mission: DC-62 Lab Quarantine
,,VX1 Scope  (12x),"+35% Headshot damage
Forced zoom",-10% Reload Speed,Available by default
,,Digital Scope,"+45% Headshot Damage
Forced zoom
Tab to toggle second zoom",-5% Critical Hit Damage,Sharpshooter specialiation perk
,,GR9 Built-in scope (8x), +5% Critical Hit Chance,,GR9 only
,,Small RDS Scope, +50% Stability ,-20% Accuracy,Campus project: outfit rescue team
,Long/Short Optics Rail,T2 Micro Red Dot Sight,+30% Accuracy,,Complete Story missions and level up White House
,,Russian Red dot Sight,+10% Critical Hit Damage,,Main Pool
,,EXPS3 Holo Sight,+10% Headshot Damage,,Main Pool
,,PRO Red Dot Sight,+30% Stability,,Constitution Hall side mission: Outcast Work Camp
,,Reflex Sight,+12% Weapon Handling,,Theatre Project: Water Pipeline Construction
,Long/Short/Micro Optics Rail,Rugged Mini Reflex Sight,+5% Critical Hit Chance,,Main Pool
,Short/Micro Optics Rail,Low Reflex Sight,+15% Headshot Damage,-25% Optimal Range,Foggy Bottom side mission: Columbia Plaza Broadcast
,Iron Sights Slot,Open Iron Sights,+30% Accuracy,,Main Pool
,,Streamlined Iron Sights,+14% Reload Speed,,Theatre Project: Outfit Hunting Party
,,Weighted Iron Sights,+30% Stability,,Main Pool
MAGAZINE SLOT,Tubular Magazine Slot,Counter-Clockwise Tubular Spring,+5% Headshot Damage,,Main Pool
,,Hard Tubular Spring,+5% Rate of Fire,,Southwest side mission: SHD Tech Beacon
,,Flexible tubular Spring,+20% Reload Speed,,Main Pool
,Ammunition Belt Slot,Non-Disruptive Link,+10% Critical Hit Damage,,Main Pool
,,Nimble Link Belt,+5% Rate of Fire,,Foggy Bottom side mission: Navy Hill Transmission
,,Tactical Small Pouch,+20% Reload Speed,,Complete Story missions and level up White House
,,Large Pouch,+35 rounds,,Main Pool
,,Large Pouch (Gunner mag),+50 rounds,,Gunner specialization perk
,,Calibrated Link,+30% Stability,,East Mall side mission: Missing Curators
,Integrated Magazine Slot,Underbalanced Integrated Spring,+5% Rate of Fire,,Main Pool
,,Compensated Integrated Spring,+20% Reload Speed,,Downtown West side mission: Worksite Community
,,Overbalanced Integrated Spring,+30% Stability,,Main Pool
,,Stiff Integrated Spring,+5% Weapon Damage,,Main Pool
,Marksman 7.62 Magazine Slot,Mended Marksman Mag,+50% Optimal Range,,Federal Triangle side mission: Bureau Headquarters
,,Lightweight Marksman Mag,+20% Reload Speed,,Main Pool
,,Tightly Packed Marksman Mag,+5 Rounds,,Main Pool
,,Sturdy Marksman Mag,+20% Stability,,Main Pool
,7.62 Magazine Slot,Precision 7.62 Mag,+10% Headshot Damage,,Complete Story missions and level up White House
,,Thin 7.62 Mag,+20% Reload Speed,,Main Pool
,,Light Extended 7.62 Mag,+15 Rounds,,Main Pool
,,Sturdy Extended 7.62 Mag,+20 Rounds,-10% Reload Speed,Main Pool
,,Weighted 7.62 Mag,+20% Stability,,Main Pool
,5.56 Magazine Slot,Tactical 5.56 Mag,+10% Critical Hit Damage,,West Potomac Park side mission: Outcast Propaganda Outpost (The Mast CP)
,,Infantry 5.56 Mag,+70% Optimal Range,,Survivalist specialisation perk
,,Light Extended 5.56 Mag,+15 Rounds,,Federal Triangle side mission: Department of Justice
,,Sturdy Extended 5.56 Mag,+20 Rounds,-10% Reload Speed,Main Pool
,,Balanced Spring 5.56 Mag,+30% Stability,,Complete Story missions and level up White House
,.45 ACP Magazine Slot,Force Feed .45 ACP Mag,+5% Rate of Fire,,West End side mission: Garage Stash (+Underground faction)
,,Short Spring .45 ACP Mag,+20% Reload Speed,,Main Pool
,,Extended .45 ACP Mag,+15 Rounds,,Downtown East side mission: Agent Edwards Support
,,Oversized .45 ACP Mag,+20 Rounds,-10% Reload Speed,Main Pool
,,Precision Feeding .45 Mag,+30% Stability,,Main Pool
,9mm Magazine Slot,Heavy Spring 9mm Mag,+10% Critical Hit Damage,,Main Pool
,,Oversized 9mm Mag,+15 Rounds,,Main Pool
,,Extended 9mm Mag,+20 Rounds,-10% Reload speed,West Potomac Park side mission: Missing Campus Patrol
,,Segmented 9mm Mag,+20% Reload Speed,,East Mall side mission: Agent Brooks Support
,Pistol Magazine Slot,Field Pistol Mag,+30% Optimal Range,,Complete Story missions and level up White House
,,Police Pistol Mag,+20% Reload Speed,,Main Pool
,,Extended Pistol Mag,+11 Rounds,,Downtown West side mission: Beekeeper Jeff
,Revolver Drum Slot,Speed Loading Revolver Drum,+20% Reload Speed,,Main Pool
MUZZLE SLOT,7.62 Muzzle Slot,Large Suppressor 7.62,+30% Accuracy,,West End side mission: Historic District Attack
,,Muzzle Brake 7.62,+5% Critical Hit Chance,,Main Pool
,,Flash Hider 7.62,+10% Critical Hit Damage,,Downtown East side mission: Empire Autumn Hotel
,,Loud Vent Brake 7.62,+50% Optimal Range,,Main Pool
,,Compensator 7.62,+30% Stability,,Complete Story missions and level up White House
,,Omega 7.62 Rifle Suppresor,+40% Stability,-10% Optimal Range,Main Pool
,5.56 Muzzle Slot,Large Suppressor 5.56,+30% Accuracy,,Main Pool
,,Muzzle Brake 5.56,+5% Critical Hit Chance,,Theatre Project: Reclaimer Crew
,,Flash Hider 5.56,+10% Critical Hit Damage,,Main Pool
,,Loud Vent Brake 5.56,+50% Optimal Range,,Complete Story missions and level up White House
,,Compensator 5.56,+30% Stability,,Campus Project: Food Aid Operation
,,Omega 5.56 Rifle Suppressor,+40% Stability,-10% Optimal Range,West End side mission: Potomac Relief Camp
,,QDC Sound Suppressor, +20% Stability ,,Stoner only and Dare Only
,.45 Muzzle Slot,Small Suppressor .45,+30% Accuracy,,Main Pool
,,Osprey 45 Suppressor,+5% Critical Hit Chance,,Complete Story missions and level up White House
,,Flash Hider .45,+10% Critical Hit Damage,,Main Pool
,,Muzzle Brake .45,+10% Headshot Damage,,Foggy Bottom side mission: Greenhouse Community
,,Loud Vent Brake .45,+50% Optimal Range,,West Mall side mission: Medical Camp Attack
,,Compensator .45,+30% Stability,,Main Pool
,9mm Muzzle Slot,Small Suppressor 9mm,+30% Accuracy,,Complete Story missions and level up White House
,,Osprey 9 Suppressor,+5% Critical Hit Chance,,Judiciary Square side mission: Missing Wire Scavengers
,,Flash Hider 9mm,+10% Critical Hit Damage,,Main Pool
,,Muzzle Brake 9mm,+10% Headshot Damage,,Main Pool
,,Loud Vent Brake 9mm,+50% Optimal Range,,Main Pool
,,Compensator 9mm,+30% Stability,,Federal Triangle side mission: National Archives
UNDERBARREL,Long Underbarrel Rail,Short Grip,+10% Critical Hit Damage,,Complete Story missions and level up White House
,,Tactical Short Grip,+15% Critical Hit Damage,,Firewall Specialisation Perk
,,Linked Laser Pointer,Pulses targets at which it's aimed,,Technician Specialisation Perk
,,Handstop,+14% Reload Speed,,Downtown East side mission: Odea Retail Store
,Long/Short Underbarrel Rail,Vertical Grip,+30% Accuracy,,Main Pool
,,Angled Grip,+30% Stability,,East Mall side mission: Water Source
,"Long/Short Underbarrel Rail/
Side slot",Laser Pointer,+5% Critical Hit Chance,,Constitution Hall side mission: True Sons Broadcast Outpost
,,Small Laser Pointer,+7% Critical Hit Chance,,Demolitionist Specialisation Perk
,Gadget Slot,"Compact Coupled Small 
Laser Pointer",+10% Critical Hit Chance,,Complete Story missions and level up White House
,,Compact Coupled Laser Pointer,+10% Headshot Damage,,Main Pool
,,Pistol Flashlight,Illuminates dark areas,,Underground tank (click for more info)