"Azurmen, Bend3n, Gingerbeard_x, Maplestruck, and Saint Landwalker present",,,,,,,,,,,,,,,"The Gear Spreadsheet is a home for everything Division 2.
▶ Exotic drop guides
▶ Meta build guides
▶ Weapon and gear stats
▶ Named and exotic item stats

This spreadsheet is handcrafted by the guys at the #build-advice channel on the Division 2 Discord.
Come say hi!"
,,,,,,,,,,,,,,,
,,,,,,,,,,,,,,,
,,,,,,,,,,,,,,,
,,,,,,▶,Hub (builds are here),,,,,,,,
,,,,,,▶,Q&A,,,,,,,,
,,,,,,▶,Weapons: Named + Exotics,,,,,,,,
,,,,,,▶,Weapons,,,,,,,,
,,,,,,▶,Weapon Talents,,,,,,,,
,,,,,,▶,Weapon Mods,,,,,,,,
,,,,,,▶,Gear: Named + Exotics,,,,,,,,
,,,,,,▶,Gearsets,,,,,,,,
,,,,,,▶,Brandsets,,,,,,,,
,,,,,,▶,Gear Talents,,,,,,,,
,,,,,,▶,Attribute Ranges,,,,,,,,
,,,,,,▶,Skills,,,,,,,,
,,,,,,▶,Credits + admin,,,,,,,,
,,,,,,,,,,,,,,,
,,,,,,,,,,,,,,,
,,,,,,,,,,,,,,,
,,,,,,,,,,,,,,,
,,,,,,,"No but seriously, WHERE IS CASSIE !?",,,,,,,,
,,,,,,,"Also, where is The Snitch?",,,,,,,,
,,,,,,,,,,,,,,,
,,,,,,,"""There must be a vendor somewhere
 that buys these dumb textile tokens... 
I have so many of them"" said the 
Agent tinkering with their gear for the next journey.",,,,,,,,
,,,,,,,,,,,,,,,
,,,,,,,,,,,,,,,
,,,,,,,,,,,,,,,
,,,,,,,,,,,,,,,
,,,,,,,,,,,,,,,
,,,,,,,,,,,,,,,
,,,,,,,,,,,,,,,
,,,,,,,,,,,,,,,
,,,,,,,,,,,,,,,
,,,,,,,,,,,,,,,
,,,,,,,,,,,,,,,
,,,,,,,,,,,,,,,
,,,,,,,,,,,,,,,
Changelog,Notes,Status,Last Updated,TU Patch,,,,,,,,,,,
Y8S3 Updating.... WIP  ,"Brandset, Gearset, P. Con done",In Progress,8/27/26,TU30,,,,,,,,,,,
Updated FAQ,"Battle for Brooklyn, LFG",Done,3/22/26,TU28,,,,,,,,,,,
Y8S1 PTS Weapon And Gear,adding with PTS stats; Weapons done; named+exotics pending,In Progress,3/22/26,TU28,,,,,,,,,,,
Y7S2 weapon and gear Updates,,Done,10.02.25,Y7 S2 TU25,,,,,,,,,,,
Y7S1 Skills and general skill page rework,cleaning up and adding in skills for the skill list,Done,6.30.25,Y7 S1 TU24,,,,,,,,,,,
Y7S1 weapon and gear Updates,,Done,6.26.25,Y7 S1 TU24,,,,,,,,,,,
Y6S3 weapon and gear Updates,,Done,6.24.25,Y6 S3 TU23,,,,,,,,,,,
Exotics from TU22+ need updated talents/mods,,Done,3.18.25,Y6 S3 TU23,,,,,,,,,,,
Weapons DPS table in progress for TU23,Mostly pending reload and some other changes,Done,3.18.25,Y6 S3 TU23,,,,,,,,,,,
TU22 updating progress New exos and talents,,Done,1.8.25,Y6 S2 YU22,,,,,,,,,,,
TU22 updating progress Weapons Tab,All weapons updated with new weapons added,Done,1.8.26,Y6 S2 YU22,,,,,,,,,,,
TU22 updating Weapon Mods,Updated stats for TU22,Done,11.8.24,Y6 S2 YU22,,,,,,,,,,,
TU20 updating progress,Brands tab done. Gearset done. Icons Done. ,Done,2.8.24,Y5 S3 TU20,,,,,,,,,,,
Added missing items,added items in the list like Festive Delivery backpack,Done,2.5.24,Y5 S3 TU20,,,,,,,,,,,
Updating PTS Items Y5S3,Updating PTS Items Y5S3,Done,1-22-24,Y5 S3 TU20,,,,,,,,,,,
Updating images,updating brand and gearset icons,Done,1-20-24,Y5 S3 TU20,,,,,,,,,,,
fixed various typos throughout,"weapons, named, exotics, talents",Done,12-14-23,Y5 S2 TU19,,,,,,,,,,,
Updating to Y5 S2 live patch,"all updated, except Pending only new named drop location",Done,10-4-23,Y5 S2 TU19,,,,,,,,,,,
Updated to 18.3,updated Exo drops.,Done,7-25-23,TU 18.3,,,,,,,,,,,
Update Multipliers,Updated Gear and weapon talents to show Multipliers,Done,7-25-23,TU 18.3,,,,,,,,,,,
Updating to Y5 S1 live patch,double checked Live with PTS numbers. and updated.,Done,6-29-23,TU 18 Y5 S1,,,,,,,,,,,
Updating to PTS TU18 PHASE 2,pending final Live numbers and named chest talent change.,Done,5-12-23,TU 18 PTS Y5 S1,,,,,,,,,,,
Updating to PTS TU18,,Done,4-26-23,TU 18 PTS Y5 S1,,,,,,,,,,,
Updated to TU 17.2,,Done,4-17-23,TU17.2,,,,,,,,,,,
Updated exotice drop locations,Fixed some errors and better wording,Done,3-24-23,TU17,,,,,,,,,,,
Updated PTS info to TU17 Patch (season 11 patch),,Done,2.27.23,TU 17 ,,,,,,,,,,,
Added TU 17 PTS Gear,,Done,01.14.23,TU 17 PTS,,,,,,,,,,,
Added Missing Flavor Text,,Done,01.14.23,TU 16.4,,,,,,,,,,,
updated some typos,,done,12.20.22,TU 16.4,,,,,,,,,,,
Updated to TU 16.2,,done,12.7.22,TU 16.2,,,,,,,,,,,
Updated to TU 16.1,"strikers, named holster update",done,"September 27, 2022",TU 16.1,,,,,,,,,,,
Updated to TU 16,,done,"September 13, 2022",TU 16,,,,,,,,,,,
---Credits and Contact info on last page. Feel free to Contact us If any errors/issues are found and NOT noted above.,,,,,,,,,,,,,,,
"Additionally, please contact ic3so on Discord if you find typos or visual flaws in this sheet for fast correction.",,,,,,,,,,,,,,,