where,category,stat,max
gear,offense,chc,6
gear,offense,chd,12
gear,offense,hsd,10
gear,offense,weapon_handling,8
gear,defense,armor_regen,4925
gear,defense,explosive_resistance,10
gear,defense,hazard_protection,10
gear,defense,health,18935
gear,utility,skill_damage,10
gear,utility,skill_haste,12
gear,utility,repair_skills,20
gear,utility,status_effects,10
gearmod,offense,chc,6
gearmod,offense,chd,12
gearmod,offense,hsd,10
gearmod,defense,armor_on_kill,18935
gearmod,defense,protection_elites,13
gearmod,defense,incoming_repairs,20
gearmod,utility,skill_haste,12
gearmod,utility,skill_duration,10
gearmod,utility,repair_skills,20
weapon,offense,chc,9.5
weapon,offense,chd,10
weapon,offense,hsd,10
weapon,offense,dta,6
weapon,offense,dth,9.5
weapon,offense,ooc,10
weapon,handling,stability,12
weapon,handling,accuracy,12
weapon,handling,reload_speed,12
