season,category,name,detail,start,end,note,url
Y8S3,Announced,Echoes of Central Park,From an official announcement,2026-11-03,,Start date from the announcement title.,https://steamstore-a.akamaihd.net/news/externalpost/steam_community_announcements/1844751498222087
Y8S3,Resource Bonus,Countdown Surge,From an official announcement,2026-10-06,2026-10-13,Dates read from the announcement text.,https://steamstore-a.akamaihd.net/news/externalpost/steam_community_announcements/1844751498218700
Y8S3,Global Event,Rage Harvest,From an official announcement,2026-09-29,2026-10-06,Dates read from the announcement text.,https://steamstore-a.akamaihd.net/news/externalpost/steam_community_announcements/1844751498218700
Y8S3,Stat Bonus,Deadeye Overdrive,From an official announcement,2026-09-29,2026-10-06,Dates read from the announcement text.,https://steamstore-a.akamaihd.net/news/externalpost/steam_community_announcements/1844751498218700
Y8S3,Event,Red Moon Rising,From an official announcement,2026-09-24,2026-11-03,Dates read from the announcement text.,https://steamstore-a.akamaihd.net/news/externalpost/steam_community_announcements/1844751498218700
Y8S3,Resource Bonus,Dark Zone Surge,From an official announcement,2026-09-22,2026-09-29,Dates read from the announcement text.,https://steamstore-a.akamaihd.net/news/externalpost/steam_community_announcements/1844751498218700
Y8S3,Project Chain,Retaliation,From an official announcement,2026-09-08,2026-09-22,Dates read from the announcement text.,https://steamstore-a.akamaihd.net/news/externalpost/steam_community_announcements/1842212951297566
Y8S3,Resource Bonus,Retaliation Surge,From an official announcement,2026-09-08,2026-09-15,Dates read from the announcement text.,https://steamstore-a.akamaihd.net/news/externalpost/steam_community_announcements/1842212951297566
Y8S2,Event,Nelson Theatre Hostage,From an official announcement,2026-08-25,2026-09-01,Dates read from the announcement text.,https://steamstore-a.akamaihd.net/news/externalpost/steam_community_announcements/1838407329265730
Y8S2,Season Pass,Season Pass XP x2,From an official announcement,2026-08-18,2026-08-27,Dates read from the announcement text.,https://steamstore-a.akamaihd.net/news/externalpost/steam_community_announcements/1840310314351746
Y8S2,Event,NSA Security Alert,From an official announcement,2026-08-18,2026-08-25,Dates read from the announcement text.,https://steamstore-a.akamaihd.net/news/externalpost/steam_community_announcements/1838407329265730
Y8S2,Event Pass,Broken Rain Event Pass,From an official announcement,2026-08-11,2026-08-25,Dates read from the announcement text.,https://steamstore-a.akamaihd.net/news/externalpost/steam_community_announcements/1840310314351746
Y8S2,Season Pass,Season Pass XP x5,From an official announcement,2026-08-11,2026-08-18,Dates read from the announcement text.,https://steamstore-a.akamaihd.net/news/externalpost/steam_community_announcements/1840310314351746
Y8S2,Mission,Into the Dark Climax Mission,From an official announcement,2026-08-11,permanent,Start date read from the announcement text.,https://steamstore-a.akamaihd.net/news/externalpost/steam_community_announcements/1840310314351746
Y8S2,Event,Nightclub Infiltration,From an official announcement,2026-08-11,2026-08-18,Dates read from the announcement text.,https://steamstore-a.akamaihd.net/news/externalpost/steam_community_announcements/1838407329265730
Y8S2,Stat Bonus,Tech Overdrive,From an official announcement,2026-08-07,2026-08-11,Dates read from the announcement text.,https://steamstore-a.akamaihd.net/news/externalpost/steam_community_announcements/1838407329265730
Y8S2,Event,Marina Supply Route,From an official announcement,2026-08-04,2026-08-11,Dates read from the announcement text.,https://steamstore-a.akamaihd.net/news/externalpost/steam_community_announcements/1838407329265730
Y8S2,Resource Bonus,Prototype Surge,From an official announcement,2026-08-04,2026-08-07,Dates read from the announcement text.,https://steamstore-a.akamaihd.net/news/externalpost/steam_community_announcements/1838407329265730
Y8S2,Global Event,Ambush,From an official announcement,2026-08-04,2026-08-11,Dates read from the announcement text.,https://steamstore-a.akamaihd.net/news/externalpost/steam_community_announcements/1838407329265730
Y8S2,Stat Bonus,Vanguard Overdrive,From an official announcement,2026-07-31,2026-08-04,Dates read from the announcement text.,https://steamstore-a.akamaihd.net/news/externalpost/steam_community_announcements/1838407329265730
Y8S2,Event,Embassy Crash Site,From an official announcement,2026-07-28,2026-08-04,Dates read from the announcement text.,https://steamstore-a.akamaihd.net/news/externalpost/steam_community_announcements/1838407329265730
Y8S2,Global Event,Assault,From an official announcement,2026-07-28,2026-08-04,Dates read from the announcement text.,https://steamstore-a.akamaihd.net/news/externalpost/steam_community_announcements/1838407329265730
Y8S2,Event,Dust Storm Event,From an official announcement,2026-07-21,2026-08-11,Dates read from the announcement text.,https://steamstore-a.akamaihd.net/news/externalpost/steam_community_announcements/1838407329265730
Y8S2,Classified Assignment,National Bond Armory,From an official announcement,2026-07-21,2026-07-28,Dates read from the announcement text.,https://steamstore-a.akamaihd.net/news/externalpost/steam_community_announcements/1838407329265730
Y8S2,Collaboration,"Creator Collaboration: Ngn, Charles and Filiperaaamos",From an official announcement,2026-07-21,2026-08-11,Dates read from the announcement text.,https://steamstore-a.akamaihd.net/news/externalpost/steam_community_announcements/1838407329265730
Y8S2,Event,Kenly College,From an official announcement,2026-07-21,2026-07-28,Dates read from the announcement text.,https://steamstore-a.akamaihd.net/news/externalpost/steam_community_announcements/1838407329265730
Y8S2,Resource Bonus,Optimization Surge,From an official announcement,2026-07-21,2026-07-24,Dates read from the announcement text.,https://steamstore-a.akamaihd.net/news/externalpost/steam_community_announcements/1838407329265730
Y8S2,Classified Assignment,McMillan Reservoir Assault,From an official announcement,2026-07-21,permanent,Start date read from the announcement text.,https://steamstore-a.akamaihd.net/news/externalpost/steam_community_announcements/1838407329265730
Y8S2,Resource Bonus,SHD XP Boost,From an official announcement,2026-07-14,2026-07-21,Dates read from the announcement text.,https://steamstore-a.akamaihd.net/news/externalpost/steam_community_announcements/1836506165560395
Y8S2,Resource Bonus,Dark Zone Surge,From an official announcement,2026-07-07,2026-07-14,Dates read from the announcement text.,https://steamstore-a.akamaihd.net/news/externalpost/steam_community_announcements/1836506165560395
Y8S2,Event Pass,Dead by Daylight Event Pass,From an official announcement,2026-06-30,2026-07-14,Dates read from the announcement text.,https://steamstore-a.akamaihd.net/news/externalpost/steam_community_announcements/1836506165560395
Y8S2,Global Event,Rage Harvest,From an official announcement,2026-06-30,2026-07-07,Dates read from the announcement text.,https://steamstore-a.akamaihd.net/news/externalpost/steam_community_announcements/1836506165560395
Y8S2,Resource Bonus,Shepherd XP Boost,From an official announcement,2026-06-30,2026-07-07,Dates read from the announcement text.,https://steamstore-a.akamaihd.net/news/externalpost/steam_community_announcements/1836506165560395
Y8S1,Season Pass,Rise Up Stretch Goals,From an official announcement,2026-06-02,,Start date read from the announcement text.,https://steamstore-a.akamaihd.net/news/externalpost/steam_community_announcements/1833334318577371
Y8S1,Season Pass,Season Pass XP x2 Event,From an official announcement,2026-06-02,,Start date read from the announcement text.,https://steamstore-a.akamaihd.net/news/externalpost/steam_community_announcements/1833334318577371
Y8S1,Resource Bonus,Gear Set Surge,From an official announcement,2026-05-26,2026-06-02,Dates read from the announcement text.,https://steamstore-a.akamaihd.net/news/externalpost/steam_community_announcements/1833334318577371
Y8S1,Mission,Rise Up Climax Mission,From an official announcement,2026-05-26,permanent,Start date read from the announcement text.,https://steamstore-a.akamaihd.net/news/externalpost/steam_community_announcements/1833334318577371
Y8S1,Global Event,Corrosive Shell Global Event,From an official announcement,2026-05-26,2026-06-04,Dates read from the announcement text.,https://steamstore-a.akamaihd.net/news/externalpost/steam_community_announcements/1833334318566507
Y8S1,Event Pass,Brooklyn Celebration Event Pass,From an official announcement,2026-05-21,2026-06-04,Dates read from the announcement text.,https://steamstore-a.akamaihd.net/news/externalpost/steam_community_announcements/1833334318566507
Y8S1,Global Event,Ambush,From an official announcement,2026-05-19,2026-05-26,Dates read from the announcement text.,https://steamstore-a.akamaihd.net/news/externalpost/steam_community_announcements/1832065502823821
Y8S1,Season Pass,Season Pass XP x5,From an official announcement,2026-05-19,2026-05-26,Dates read from the announcement text.,https://steamstore-a.akamaihd.net/news/externalpost/steam_community_announcements/1832065502823821
Y8S1,Stat Bonus,Vanguard Overdrive,From an official announcement,2026-05-15,2026-05-19,Dates read from the announcement text.,https://steamstore-a.akamaihd.net/news/externalpost/steam_community_announcements/1832065502823821
Y8S1,Global Event,Assault,From an official announcement,2026-05-12,2026-05-19,Dates read from the announcement text.,https://steamstore-a.akamaihd.net/news/externalpost/steam_community_announcements/1832065502823821
Y8S1,Resource Bonus,Conflict XP,From an official announcement,2026-04-28,2026-05-12,Dates read from the announcement text.,https://steamstore-a.akamaihd.net/news/externalpost/steam_community_announcements/1830163047266283
Y8S1,Event,Cherry Blossom Event,From an official announcement,2026-04-21,2026-05-12,Dates read from the announcement text.,https://steamstore-a.akamaihd.net/news/externalpost/steam_community_announcements/1830163047266283
Y8S1,Collaboration,"Creator Collaboration: Otsuichi, Rezina, Mobilmobil",From an official announcement,2026-04-21,2026-05-12,Dates read from the announcement text.,https://steamstore-a.akamaihd.net/news/externalpost/steam_community_announcements/1830163047266283
Y8S1,Resource Bonus,Optimization Surge,From an official announcement,2026-04-21,2026-05-05,Dates read from the announcement text.,https://steamstore-a.akamaihd.net/news/externalpost/steam_community_announcements/1830163047266283
Y8A,Global Event,Assault,From an official announcement,2026-03-24,2026-03-31,Dates read from the announcement text.,https://steamstore-a.akamaihd.net/news/externalpost/steam_community_announcements/1825727806721088
Y8A,Global Event,Ambush,From an official announcement,2026-03-17,2026-03-24,Dates read from the announcement text.,https://steamstore-a.akamaihd.net/news/externalpost/steam_community_announcements/1825727806721088
Y8A,Global Event,Assault,From an official announcement,2026-03-10,2026-03-17,Dates read from the announcement text.,https://steamstore-a.akamaihd.net/news/externalpost/steam_community_announcements/1825727806721088
Y8A,Event,Celebrating 10 Years of The Division,From an official announcement,2026-03-03,2026-04-02,Dates read from the announcement text.,https://steamstore-a.akamaihd.net/news/externalpost/steam_community_announcements/1825727806721088
Y8A,Global Event,Ambush,From an official announcement,2026-03-03,2026-03-10,Dates read from the announcement text.,https://steamstore-a.akamaihd.net/news/externalpost/steam_community_announcements/1825727806721088
Y7S3,Resource Bonus,Optimization Surge,From an official announcement,2026-02-20,2026-02-24,Dates read from the announcement text.,https://steamstore-a.akamaihd.net/news/externalpost/steam_community_announcements/1824459501606867
Y7S3,Season Pass,Mutiny Stretch Goals,From an official announcement,2026-02-17,2026-03-03,Dates read from the announcement text.,https://steamstore-a.akamaihd.net/news/externalpost/steam_community_announcements/1824644522845707
Y7S3,Mission,Climax Mission,From an official announcement,2026-02-17,permanent,Start date read from the announcement text.,https://steamstore-a.akamaihd.net/news/externalpost/steam_community_announcements/1824459501606867
Y7S3,Event,Bloody Valentine Event,From an official announcement,2026-02-12,2026-02-26,Dates read from the announcement text.,https://steamstore-a.akamaihd.net/news/externalpost/steam_community_announcements/1824459501606867
Y7S3,Stat Bonus,Vanguard Overdrive,From an official announcement,2026-01-30,2026-02-03,Dates read from the announcement text.,https://steamstore-a.akamaihd.net/news/externalpost/steam_community_announcements/1823191198602397
Y7S3,Collaboration,Division 2 x Assassin’s Creed,From an official announcement,2026-01-29,2026-02-12,Dates read from the announcement text.,https://steamstore-a.akamaihd.net/news/externalpost/steam_community_announcements/1823191198602397
Y7S3,Event,Survive Fest: Back Into the Storm,From an official announcement,2026-01-22,2026-01-27,Dates read from the announcement text.,https://steamstore-a.akamaihd.net/news/externalpost/steam_community_announcements/1822556746157010
Y7S3,Project Chain,The Division 2 | Avatar: Frontiers of Pandora: Project Chain,From an official announcement,2026-01-13,2026-01-27,Dates read from the announcement text.,https://steamstore-a.akamaihd.net/news/externalpost/steam_community_announcements/1821288646586281
Y7S3,Stat Bonus,Deadeye Overdrive,From an official announcement,2026-01-09,2026-01-13,Dates read from the announcement text.,https://steamstore-a.akamaihd.net/news/externalpost/steam_community_announcements/1818752592135938
Y7S3,Resource Bonus,Countdown Surge,From an official announcement,2025-12-26,2025-12-30,Dates read from the announcement text.,https://steamstore-a.akamaihd.net/news/externalpost/steam_community_announcements/1818752592135938
Y7S3,Event,Winter Event,From an official announcement,2025-12-16,2026-01-06,Dates read from the announcement text.,https://steamstore-a.akamaihd.net/news/externalpost/steam_community_announcements/1818752592135938
Y7S3,Event,Challenge of Giving,From an official announcement,2025-12-16,2026-01-06,Dates read from the announcement text.,https://steamstore-a.akamaihd.net/news/externalpost/steam_community_announcements/1818752592133321
Y7S3,Collaboration,Second Creator Collaboration Event,From an official announcement,2025-12-09,2026-01-27,Dates read from the announcement text.,https://steamstore-a.akamaihd.net/news/externalpost/steam_community_announcements/1818118366183138
Y7S3,Twitch Drops,Mutiny Release Twitch Drops,From an official announcement,2025-12-02,2025-12-09,Dates read from the announcement text.,https://steamstore-a.akamaihd.net/news/externalpost/steam_community_announcements/1817483467046131
Y7S2,Event,Shepherd Event,From an official announcement,2025-11-25,,Start date read from the announcement text.,https://steamstore-a.akamaihd.net/news/externalpost/steam_community_announcements/1815580768426010
Y7S2,Season Pass,Stretch Goals: Rank Up,From an official announcement,2025-11-18,2025-12-02,Dates read from the announcement text.,https://steamstore-a.akamaihd.net/news/externalpost/steam_community_announcements/1816307528971186
Y7S2,Resource Bonus,Expertise Surge,From an official announcement,2025-11-07,2025-11-10,Dates read from the announcement text.,https://steamstore-a.akamaihd.net/news/externalpost/steam_community_announcements/1813674389100469
Y7S2,Stat Bonus,Redline Overdrive,From an official announcement,2025-10-24,2025-10-27,Dates read from the announcement text.,https://steamstore-a.akamaihd.net/news/externalpost/steam_community_announcements/1813674389100469
Y7S2,Contest,Halloween Photo Mode Contest,From an official announcement,2025-10-21,2025-11-03,Dates read from the announcement text.,https://steamstore-a.akamaihd.net/news/externalpost/steam_community_announcements/1813674389105413
Y7S2,Event,Halloween Event,From an official announcement,2025-10-21,2025-11-11,Dates read from the announcement text.,https://steamstore-a.akamaihd.net/news/externalpost/steam_community_announcements/1813674389100469
Y7S2,Resource Bonus,Brand Surge,From an official announcement,2025-10-10,2025-10-13,Dates read from the announcement text.,https://steamstore-a.akamaihd.net/news/externalpost/steam_community_announcements/1811138915555069
Y7S2,Event Pass,R6S Event Pass,From an official announcement,2025-09-30,2025-10-14,Dates read from the announcement text.,https://steamstore-a.akamaihd.net/news/externalpost/steam_community_announcements/1811138915555069
Y7S2,Stat Bonus,Tech Overdrive,From an official announcement,2025-09-26,2025-09-29,Dates read from the announcement text.,https://steamstore-a.akamaihd.net/news/externalpost/steam_community_announcements/1811138915555069
Y7S2,Collaboration,Creator Collab: Limited-Time Merch coming to The Division 2,From an official announcement,2025-09-23,2025-10-21,Dates read from the announcement text.,https://steamstore-a.akamaihd.net/news/externalpost/steam_community_announcements/1811138915525480
Y7S1,Season Pass,Stretch Goals,From an official announcement,2025-08-19,,Start date read from the announcement text.,https://steamstore-a.akamaihd.net/news/externalpost/steam_community_announcements/1807332909733041
Y7S1,Collaboration,Division 2 x Payday Event,From an official announcement,2025-07-15,2025-07-29,Dates read from the announcement text.,https://steamstore-a.akamaihd.net/news/externalpost/steam_community_announcements/1805065414365363
Y7S1,Event,Summer Event,From an official announcement,2025-06-24,2025-07-08,Dates read from the announcement text.,https://steamstore-a.akamaihd.net/news/externalpost/steam_community_announcements/1802893906895344
Y6S3,Project Chain,Easter Event Projects Chain,From an official announcement,2025-04-08,2025-04-22,Dates read from the announcement text.,https://steamstore-a.akamaihd.net/news/externalpost/steam_community_announcements/1795917897484456
Y6S3,Twitch Drops,Celebrate 6th Anniversary with Twitch Drops!,From an official announcement,2025-03-03,2025-03-17,Dates read from the announcement text.,https://steamstore-a.akamaihd.net/news/externalpost/steam_community_announcements/1792751526145132
Y6S2,Project Chain,Valentine’s Event Projects Chain,From an official announcement,2025-02-04,2025-02-18,Dates read from the announcement text.,https://steamstore-a.akamaihd.net/news/externalpost/steam_community_announcements/1790214123243774
Y6S2,Event,Winter Event,From an official announcement,2024-12-10,2024-12-26,Dates read from the announcement text.,https://steamstore-a.akamaihd.net/news/externalpost/steam_community_announcements/1784506359176182
Y6S1,Project Chain,Summer Event Projects Chain,From an official announcement,2024-08-06,2024-08-20,Dates read from the announcement text.,https://steamstore-a.akamaihd.net/news/externalpost/steam_community_announcements/5963413728353486964
Y5S2,Project Chain,Winter Project Scavenger Hunt,From an official announcement,2023-12-05,2024-01-09,Dates read from the announcement text.,https://steamstore-a.akamaihd.net/news/externalpost/steam_community_announcements/5395938616791213784
Y5S1,Global Event,Golden Bullet,From an official announcement,2023-09-19,,Start date read from the announcement text.,https://steamstore-a.akamaihd.net/news/externalpost/steam_community_announcements/5127964289190751174
Y5S1,Global Event,SHD Exposed,From an official announcement,2023-09-05,,Start date read from the announcement text.,https://steamstore-a.akamaihd.net/news/externalpost/steam_community_announcements/5127964289190751174
