season,category,name,detail,start,end,note
Y8S3,XP Bonus,Shepherd XP Event,Shepherd XP bonus window,2026-10-13,,End date not announced. Start date from a community calendar.
Y8S3,Classified Assignment,The Georgetown Dead Zone,New mission: missing JTF engineering team,2026-10-15,permanent,
Y8S3,PvE Dark Zone,Red Moon Rising,Black Tusk · Vertigo · Sarru · Recruiter Mask,2026-09-24,2026-11-03,End date unconfirmed: 03 Nov per Ubisoft and 15 Oct per a community in-game report.
Y8S3,Resource Bonus,Countdown Surge,2x Countdown Requisition,2026-10-06,2026-10-13,
Y8S3,Twitch Drops,Legacy Twitch Drops,5 caches · rewards from earlier campaigns,2026-10-06,2026-10-13,
Y8S3,Twitch Drops,Red Moon Rising Drops,Arm patches · caches · weapon skin,2026-09-24,2026-10-06,
Y8S3,Global Event,Rage Harvest,Break Overheal · build Rage,2026-09-29,2026-10-06,
Y8S3,Stat Bonus,Deadeye Overdrive,Headshot damage · weapon damage · handling,2026-09-29,2026-10-06,
Y8S3,Project Chain,Retaliation Extension,Returning projects · accelerated progression,2026-09-24,,The reported end date remains unclear.
Y8S3,Seasonal Event,Halloween Event,Announced by Ubisoft,,,Start and end dates have not been announced.
