name,slot,set,text,effects
Glass Cannon,chest,,All damage you deal is amplified by 25%. All damage you take is amplified by 50%.,amp:25
Obliterate,chest,,Critical hits stack 1% weapon damage up to 25 times. Counted at full stacks.,weapon_damage:25
Spotter,chest,,Amplifies weapon and skill damage to pulsed enemies by 15%.,amp:15
Intimidate,chest,,With bonus armor you amplify damage to enemies within 10m by 35%.,amp:35
Unbreakable,chest,,When armor is depleted repair most of it. Not counted in the numbers.,
Kinetic Momentum,chest,,Active skills stack skill damage and repair. Counted at full stacks.,skill_damage:15;repair_skills:15
Vigilance,backpack,,25% weapon damage. Taking damage disables it for 4 seconds.,weapon_damage:25
Wicked,backpack,,Applying a status effect grants 18% weapon damage for 20 seconds.,weapon_damage:18
Composure,backpack,,15% weapon damage while in cover.,weapon_damage:15
Companion,backpack,,15% weapon damage while within 5m of an ally or skill.,weapon_damage:15
Combined Arms,backpack,,Shooting an enemy grants 25% skill damage for 3 seconds.,skill_damage:25
Tech Support,backpack,,Skill kills grant 25% skill damage for 20 seconds.,skill_damage:25
Bloodsucker,backpack,,Kills stack bonus armor. Not counted in the numbers.,
Press the Advantage,chest,Striker's Battlegear,Striker's Gamble stacks give 0.9% weapon damage instead of 0.65%. Counted at 100 stacks.,weapon_damage:25
Risk Management,backpack,Striker's Battlegear,Striker's Gamble can reach 200 stacks. Counted at 200 stacks.,weapon_damage:65
Headache,chest,Heartbreaker,More bonus armor per Heartstopper stack. Not counted in the numbers.,
Cold,backpack,Heartbreaker,Heartstopper stacks give 1.1% weapon damage instead of 1%. Counted at 50 stacks.,weapon_damage:5
Endless Hunger,chest,Hunter's Fury,Apex Predator buffs last longer. Not counted in the numbers.,
Overwhelming Force,backpack,Hunter's Fury,Apex Predator kills also apply a disorient in a wider area. Not counted in the numbers.,
Target Rich Environment,chest,Negotiator's Dilemma,Mark up to 5 enemies. Not counted in the numbers.,
Critical Measures,backpack,Negotiator's Dilemma,More damage is shared between marked enemies. Not counted in the numbers.,
Process Refinery,chest,Foundry Bulwark,Makeshift Repairs works faster. Not counted in the numbers.,
Improved Materials,backpack,Foundry Bulwark,Makeshift Repairs repairs more. Not counted in the numbers.,
Tactical Superiority,chest,Future Initiative,Ground Control gives 25% damage instead of 15%.,weapon_damage:10;skill_damage:10
Advanced Combat Tactics,backpack,Future Initiative,Ground Control lasts longer. Not counted in the numbers.,
