key,label,unit,group
weapon_damage,Weapon Damage,%,offense
ar_damage,Assault Rifle Damage,%,offense
smg_damage,SMG Damage,%,offense
lmg_damage,LMG Damage,%,offense
rifle_damage,Rifle Damage,%,offense
mmr_damage,Marksman Rifle Damage,%,offense
shotgun_damage,Shotgun Damage,%,offense
pistol_damage,Pistol Damage,%,offense
chc,Critical Hit Chance,%,offense
chd,Critical Hit Damage,%,offense
hsd,Headshot Damage,%,offense
dta,Damage to Armor,%,offense
dth,Damage to Health,%,offense
ooc,Damage to Target Out of Cover,%,offense
rof,Rate of Fire,%,offense
weapon_handling,Weapon Handling,%,handling
accuracy,Accuracy,%,handling
stability,Stability,%,handling
reload_speed,Reload Speed,%,handling
mag_size,Magazine Size,%,handling
mag_flat,Extra Rounds,,handling
ammo_capacity,Ammo Capacity,%,handling
armor,Armor (flat),,defense
armor_pct,Total Armor,%,defense
health,Health (flat),,defense
health_pct,Health,%,defense
armor_regen,Armor Regeneration (per second),,defense
armor_regen_pct,Armor Regeneration,%,defense
armor_on_kill,Armor on Kill (flat),,defense
armor_on_kill_pct,Armor on Kill,%,defense
explosive_resistance,Explosive Resistance,%,defense
hazard_protection,Hazard Protection,%,defense
protection_elites,Protection from Elites,%,defense
incoming_repairs,Incoming Repairs,%,defense
skill_tier,Skill Tier,,utility
skill_damage,Skill Damage,%,utility
skill_haste,Skill Haste,%,utility
skill_duration,Skill Duration,%,utility
repair_skills,Repair Skills,%,utility
status_effects,Status Effects,%,utility
explosive_damage,Explosive Damage,%,utility
skill_health,Skill Health,%,utility
skill_efficiency,Skill Efficiency,%,utility
