name,effects,assume,default
Breadbasket,hsd:{1}x{3},Applies to the next headshot,
Killer,chd:{1},After a critical hit kill,
Optimist,weapon_damage:{1}*5,Averaged over a magazine,
Strained,chd:{1}x{3},,
Close & Personal,weapon_damage:{2},After a kill within 7 m,
Fast Hands,reload_speed:{1}x{2},,
Sadist,amp:{1},Target is bleeding,
Eyeless,amp:{1},Target is blinded,
Ignited,amp:{1},Target is burning,
Vindictive,chc:{2};chd:{3},After killing an enemy with a status effect,
Ranger,amp:{1}*20/{2},Target is 20 m away,
Spike,skill_damage:{1},After a headshot,
Reformation,repair_skills:{1},After a headshot,
Future Perfect,skill_tier:{1}x{3},,
Flatline,amp:{1},Target is pulsed,
Thunder Strike,amp:{1},Target is shocked,
In Sync,weapon_damage:{3}*2;skill_damage:{1}*2,Both buffs active (doubled),
Pressure Point,amp:{1},Target has a status effect,
Streamline,weapon_damage:{1},No skills deployed or on cooldown,
Immobilize,amp:{1},Target is ensnared,
Soft Spot,weapon_damage:{1},After destroying a weakpoint,
Head Scratcher,amp:{1},Target is confused,
Rifleman,weapon_damage:{1}x{3},,
Lucky Shot,mag_size:{1},,always
Behind You,amp:{1},Target is not targeting you,
Precision Strike,amp:{4},Stacks spent on an enemy within 20 m,
Back and Forth,rof:{1};weapon_damage:{2},After swapping to this weapon,
Near Sighted,stability:{1};optimal_range:-35,,always
On Empty,weapon_handling:{1},After reloading from empty,
Overflowing,mag_size:{2},After the reloads that trigger it,
Stabilize,accuracy:{3};stability:{3},While firing,
Naked,hsd:{1},After hitting an enemy with no armor,
Outsider,optimal_range:{1};accuracy:{2},After a kill,
Unwavering,weapon_handling:{1},After swapping to this weapon,
Unhinged,weapon_damage:{1};stability:-25;accuracy:-25,,always
Frenzy,rof:{mag}//{1}*{2};weapon_damage:{mag}//{1}*{3},After reloading from empty,
Overwhelm,weapon_damage:{1}x{3},,
Pummel,weapon_damage:{2},After the consecutive kills,
Pumped Up,weapon_damage:{1}x{3},,
Brazen,amp:{1}*8,All 8 pellets hit,
Perfect Allegro,rof:{1},,always
Blossom Harvest,amp:{1}*5,Averaged over a full health bar,
Perfectly Accurate,accuracy:{1},,always
Swift,weapon_damage:{1},After a cover to cover move,
Perfectly Optimized,weapon_handling:{1},,always
Perfectly Extra,mag_size:{1},,always
Perfect Distance,optimal_range:{1},,always
Perfect Jazz Hands,reload_speed:{1},,always
Big Game Hunter,hsd:{2}x{3},,
Perturb,rof:{3};weapon_damage:{4},Primed and swapped to,
Talent Unnerve,amp:{4}x{2},,
Eagle Strike,accuracy:{1},While firing continuously,
Capacitance,skill_damage:{2}x{1};weapon_damage:{5}*{tier},,
Adaptive Instincts,chc:{2};chd:{3};weapon_damage:{6},Headshot and body shot buffs active,
Bullet Hell,noreload:1,,always
Pakhan,mag_size:{1}x{2},,
Cover Shooter,weapon_damage:{1}x{2},,
Breathe Free,amp:{3},A stack available for every round,
Incessant Chatter,rof:{1}x{3},,
Payment in kind,chd:{1}x{2},,
Septic Shock,amp:{6},Target at 9 venom stacks,
Ortiz Assault Interface,amp:{1},Hitting the highlighted body section,
High Priority Target,amp:{1},Target is in the highest tier,off
Full Stop,weapon_damage:{3}x{1};hsd:{4}x{1},,
Restrained,amp:{1},After your shield breaks,off
Liberty or Death,weapon_damage:{1}x{2},,
Faster than Reloading,rof:{2};weapon_damage:{3},Primed and swapped to,
Kinetic Momentum,total_skill_damage:{1}x{3}*2;total_skill_repair:{2}x{3}*2,Both skills building stacks,
Gunslinger,twd:{1},After a weapon swap,
Focus,twd:{3},Fully charged while scoped,
Spark,twd:{1},After damaging an enemy with a skill,
Obliterate,twd:{1}x{3},,
Intimidate,amp:{3}^{2},With bonus armor and enemies within 10 m,
Overwatch,twd:{2};total_skill_damage:{2},After staying in cover,
Glass Cannon,amp:{1},,always
Spotter,amp:{1},Target is pulsed,
Braced,weapon_handling:{1},In cover,
Combined Arms,total_skill_damage:{1},After shooting an enemy,
Tech Support,total_skill_damage:{1},After a skill kill,
Shock and Awe,total_skill_damage:{1};total_skill_repair:{1},After applying a status effect,
Vigilance,twd:{1},Not taking damage,
Versatile,amp@smg|shotgun:{2};amp@rifle|mmr:{4};amp@ar|lmg:{6},After swapping weapons and at the right range,
Unstoppable Force,twd:{1}x{3},,
Companion,twd:{2},Near an ally or skill,
Composure,twd:{1},In cover,
Concussion,twd:{6},Headshot and headshot kill buffs active,
Wicked,twd:{1},After applying a status effect,
Opportunistic,amp:{1},Target was hit by your shotgun or marksman rifle,
Safeguard,total_skill_repair:{1},At full armor,
Overclock,reload_speed:{2},Near your deployed skills,
Vicious Cycle,weapon_damage:{2}x{1},,
Pack Instincts,chc:{6};chd:{7},Target is 15 to 25 m away,
Chemical Agent,weapon_damage:{2}x{1};status_effects:{3}x{1},,
One in the Hand Two in the bag,ammo_capacity:{7};repair_skills:{8};status_effects:{9},,always
Kill Confirmed,weapon_damage:{5}x{9};skill_efficiency:{6}x{9};armor_regen_pct:{7}x{9},Long-term trophy buff,
Resourceful,wildcard:1,Counts as one piece of every brand and gear set you wear,always
Harrier Pride,weapon_damage:{2}x{5},,
Bond,chd:{5};skill_efficiency:{6};armor_regen_pct:{7},One of your skills is within 10 m,
Over the top,weapon_damage:{1};melee_damage:{2},Seeing Red active,
Weakest Link,amp:{1},Target is in the lowest tier,
Counter,rof:{2};weapon_damage:{3},First bonus group active,
Alternating Current,skill_damage:{1}x{2},,
Stand Your Ground,twd:{1}x{2},,
Ostracize,amp:{3},Target is not the marked enemy,
Impervious,hazard_protection:{2},,always
On Point,weapon_damage:{b.2|3}x{mag};weapon_handling:{2}x{mag},After reloading with stacks,
Camaraderie,weapon_damage:{b.2|2}x{4};chd:{3}x{4},,
Symptom Aggravator,amp:{1},Target has a status effect,
Ground Control,twd:{c.2|1};total_skill_damage:{c.2|1},At full armor,
Feedback Loop,total_skill_repair:{c.2|2};total_skill_damage:{c.2|4},After using or cancelling a skill,
Heartstopper,amp:{3}x{c.1|5},Target is pulsed,
Apex Predator,amp:{2};amp:{4}^{6},Enemy within 15 m,
Crowd Control,chd:{4}x{5},,
Rules of Engagement,amp:{c.1|2},Hollow-point ammo loaded,
Heatstroke,amp:{1},Target set on fire by your incinerator turret,
Tend and Befriend,skill_damage:{c.2|1},After interacting with your skill,
Striker's Gamble,amp:{b.2|1}x{c.2|2},,
Hackstep Protocol,amp:{7},Full bonus armor from the ability,
Signature Moves,weapon_damage:{1},After emptying your signature weapon,off
Throttle Control,chd:{b.2|3}x{c.2|1};weapon_handling:{2}x{c.2|1},,
"Red, White and Blue",amp:{b.2|2},Red debuff on the target,
From the Shadows Into the Light,chd:{7}x{c.2|6};rof:{8}x{c.2|6},Into the Light stacks built in cover,
Symphony,weapon_damage@shotgun|smg|pistol:{2}*{c?2:1};weapon_damage@ar|lmg:{3}*{c?2:1};weapon_damage@mmr|rifle:{7}*{c?2:1},After a kill at the matching range,
Startling,ooc:{1},After suppressing an enemy,
You Can Look,amp:{2}x{1},,
Dragon's Breath,amp:{2}*{status}/100,Scales with your Status Effects bonus,
Confirm & Execute,amp:{4}x{3},Body shot stacks on the target,
Gangland Hit,amp:{2},Target carries your mark,
Decoy King,amp:{3}*3,Averaged over the moon cycle (5% to 25%),
