name,slot,effects
EXPS3 Holo Sight,optic,chc:5
C79 Scope (3.4x),optic,chd:5
552 Holo Sight,optic,hsd:5
Reflex Sight,optic,accuracy:10
Compensator,muzzle,chc:5
Flash Hider,muzzle,chd:5
Omega Suppressor,muzzle,stability:10
Laser Pointer,underbarrel,chc:5
Vertical Grip,underbarrel,stability:10
Angled Grip,underbarrel,reload_speed:10
Handstop,underbarrel,accuracy:10
Extended Magazine,magazine,mag_flat:10
Light Extended Magazine,magazine,mag_flat:5;reload_speed:5
Tightly Packed Magazine,magazine,rof:5
Flexible Magazine Spring,magazine,reload_speed:10
