name,type,quality,damage,rpm,mag,reload,talent,effects
Police M4,ar,high-end,46300,850,30,2.2,,
FAMAS 2010,ar,high-end,43000,900,30,2.3,,
Carbine 7,ar,high-end,55100,790,30,2.2,,
ACR,ar,high-end,52000,650,30,2.2,,
AK-M,ar,high-end,67700,600,30,2.4,,
St. Elmo's Engine,ar,exotic,48000,850,30,2.2,Actum Est,
Eagle Bearer,ar,exotic,53600,750,30,2.2,Eagle's Strike,
Vector SBR .45 ACP,smg,high-end,44400,1200,25,2.0,,
CMMG Banshee,smg,high-end,54700,900,32,2.1,,
The Chatterbox,smg,exotic,36000,700,60,2.3,Incessant Chatter,
M60 E6,lmg,high-end,62800,500,100,5.6,,
M249 B,lmg,high-end,46300,550,100,5.5,,
Pestilence,lmg,exotic,61000,600,100,5.0,Plague of the Outcasts,
Classic M1A,rifle,high-end,148000,180,10,2.6,,
Baker's Dozen,rifle,named,148000,180,13,2.6,Perfect Lucky Shot,
SIG 716,rifle,high-end,106000,320,20,2.4,,
Model 700,mmr,high-end,700000,54,7,3.4,,
The White Death,mmr,named,750000,55,5,3.4,Perfect Determined,
ACS-12,shotgun,high-end,150000,300,20,3.2,,
Scorpio,shotgun,exotic,500000,75,8,3.6,Septic Shock,
M1911,pistol,high-end,90000,310,7,1.9,,
D50,pistol,high-end,190000,150,8,2.0,,
